65,C340377078,0_0,0_0_3,M531543643,0_0_5,0_0_6,0,0_8,int64_field_9,int64_field_10,97_99,col_97_99
209,CASH_IN,208524.43,C2025806769,30059,238583.43,C172503929,4178850.81,3970326.39,0,0,,
209,CASH_IN,105899.53,C464730160,40461,146360.53,C158024963,169512.41,63612.88,0,0,,
209,CASH_IN,272115.31,C1039886961,159,272274.31,C72798840,0,0,0,0,,
209,CASH_IN,93666.84,C1748067080,1335,95001.84,C1742215957,127505.25,33838.41,0,0,,
209,CASH_IN,356135.14,C782197548,252096,608231.14,C580358599,818383.17,462248.02,0,0,,
209,CASH_IN,422118.86,C1329747210,20307,442425.86,C1211156476,225411.52,0,0,0,,
209,CASH_IN,218675.35,C948318470,13025,231700.35,C598406316,831424.79,612749.44,0,0,,
209,CASH_IN,238831.86,C277111487,5002,243833.86,C1369429762,119027.24,0,0,0,,
209,CASH_IN,86302.31,C1296940537,8735,95037.31,C1995516241,4149640.56,4063338.25,0,0,,
209,CASH_IN,51839.71,C749753934,750,52589.71,C1358324052,384421.79,332582.08,0,0,,
209,CASH_IN,220545.28,C1733610935,125266,345811.28,C82777196,361027.29,140482.01,0,0,,
209,CASH_IN,17932.39,C1382865988,151056,168988.39,C1897915544,198907.01,180974.62,0,0,,
209,CASH_IN,206107.56,C311372801,9230,215337.56,C726690562,452900.39,246792.82,0,0,,
209,CASH_IN,35632.23,C905056154,11542,47174.23,C1059911956,801617.07,765984.83,0,0,,
209,CASH_IN,263750.12,C594834382,2200,265950.12,C357842301,599187.06,335436.93,0,0,,
209,CASH_IN,455764.32,C1863744940,49706,505470.32,C761487458,0,0,0,0,,
209,CASH_IN,47669.51,C713954791,21113,68782.51,C1098375105,0,0,0,0,,
209,CASH_IN,53474.83,C7883330,401883,455357.83,C1002002601,18981474.92,18928000.09,0,0,,
209,CASH_IN,162435.13,C196317808,215478.62,377913.75,C846140144,10742471.47,10580036.34,0,0,,
209,CASH_IN,223229.32,C250893233,377913.75,601143.07,C1130838868,1514178.94,1290949.62,0,0,,
209,CASH_IN,24458.65,C1720261050,601143.07,625601.72,C1206955495,117487.3,93028.65,0,0,,
209,CASH_IN,24385.56,C1624531960,625601.72,649987.28,C1383273691,732106.31,707720.75,0,0,,
209,CASH_IN,62911.64,C2011389312,649987.28,712898.92,C1503191692,203622.73,140711.09,0,0,,
209,CASH_IN,215629.22,C1529274646,712898.92,928528.14,C1606048814,898934.78,683305.55,0,0,,
209,CASH_IN,298635.86,C1976334081,928528.14,1227164,C1245478626,4830952.92,4532317.06,0,0,,
209,CASH_IN,586030.09,C918819299,1227164,1813194.09,C760423405,963837.03,377806.94,0,0,,
209,CASH_IN,15609.87,C1537627622,1813194.09,1828803.96,C1600989646,1620172.09,1604562.22,0,0,,
209,CASH_IN,307806.98,C929313237,1828803.96,2136610.94,C1005711210,376621.17,68814.19,0,0,,
209,CASH_IN,2255.16,C554056775,2136610.94,2138866.11,C985559774,110702.95,108447.79,0,0,,
209,CASH_IN,213195.34,C937130637,2138866.11,2352061.44,C473700668,2855764.69,2642569.35,0,0,,
209,CASH_IN,306544.2,C1580925173,2352061.44,2658605.64,C1044991897,525608.46,219064.26,0,0,,
209,CASH_IN,256952.97,C1221032062,2658605.64,2915558.61,C1761954656,336410.19,79457.22,0,0,,
209,CASH_IN,68028.52,C1479774501,2915558.61,2983587.13,C1051159079,892926.11,824897.6,0,0,,
209,CASH_IN,424729.56,C877692860,2983587.13,3408316.69,C458864265,10589954.1,10165224.54,0,0,,
209,CASH_IN,39688.42,C854201707,3408316.69,3448005.11,C1157464567,2559285.63,2519597.21,0,0,,
209,CASH_IN,272803.08,C1100844992,3448005.11,3720808.19,C1274682943,4099295.05,3826491.97,0,0,,
209,CASH_IN,144935.28,C98800751,3720808.19,3865743.47,C1381155455,1966539.41,1821604.13,0,0,,
209,CASH_IN,47035.29,C893296136,3865743.47,3912778.76,C303498424,63737.4,16702.11,0,0,,
209,CASH_IN,275473.09,C1469940873,3912778.76,4188251.84,C1974957475,9231873.25,8956400.17,0,0,,
209,CASH_IN,301007.53,C2052317749,4188251.84,4489259.37,C1354475869,325329.88,24322.35,0,0,,
209,CASH_IN,90982.04,C1661616636,4489259.37,4580241.41,C2125499609,900415.53,809433.49,0,0,,
209,CASH_IN,410100.75,C579165515,4580241.41,4990342.15,C1988869265,1443836.66,1033735.92,0,0,,
209,CASH_IN,215564.96,C428289118,4990342.15,5205907.12,C501399780,576700.24,361135.28,0,0,,
209,CASH_IN,192645.41,C2082486033,5205907.12,5398552.53,C1689070945,2596793.26,2404147.85,0,0,,
209,CASH_IN,517281.13,C1293196488,5398552.53,5915833.66,C774448308,1050457.71,533176.59,0,0,,
209,CASH_IN,495408.9,C1165229860,5915833.66,6411242.56,C1134605489,1676677.7,1181268.8,0,0,,
209,CASH_IN,164864.69,C1698090504,6411242.56,6576107.24,C660432966,409276.86,244412.17,0,0,,
209,CASH_IN,2212.03,C416544000,6576107.24,6578319.27,C382119430,1469344.29,1467132.26,0,0,,
209,CASH_IN,55709.91,C1908983822,6578319.27,6634029.18,C398624496,96642.06,40932.15,0,0,,
209,CASH_IN,105964.36,C731419596,6634029.18,6739993.54,C743597288,1349371.2,1243406.84,0,0,,
209,CASH_IN,134175.9,C2022526521,6739993.54,6874169.44,C231532874,29338649.96,29204474.06,0,0,,
209,CASH_IN,165071.93,C2146557917,6874169.44,7039241.38,C1993808540,2649903.42,2484831.49,0,0,,
209,CASH_IN,300840.43,C1213132949,7039241.38,7340081.8,C280556441,2530440.27,2229599.84,0,0,,
209,CASH_IN,37401.32,C656874659,7340081.8,7377483.12,C1259174849,534329.41,496928.09,0,0,,
209,CASH_IN,124624.85,C894006008,7377483.12,7502107.98,C1508067223,1045337.8,920712.95,0,0,,
209,CASH_IN,32806.37,C1144474811,7502107.98,7534914.35,C455801645,1699130.92,1666324.54,0,0,,
209,CASH_IN,96853.58,C2067977968,7534914.35,7631767.93,C123095851,2293598.97,2196745.4,0,0,,
209,CASH_IN,204008.79,C1679757119,7631767.93,7835776.72,C1566936203,1548364.29,1344355.5,0,0,,
209,CASH_IN,178644.73,C448753654,7835776.72,8014421.45,C1047254399,5554368.81,5375724.09,0,0,,
209,CASH_IN,48686.34,C1679010446,8014421.45,8063107.79,C165552338,1755925.43,1707239.08,0,0,,
209,CASH_IN,120346.23,C151721386,8063107.79,8183454.01,C395050873,138566.87,18220.65,0,0,,
209,CASH_IN,93676.84,C368149827,8183454.01,8277130.85,C1316560467,15184825.9,15091149.06,0,0,,
209,CASH_IN,123856.64,C1959823572,8277130.85,8400987.5,C1428902531,1694904.41,1571047.77,0,0,,
209,CASH_IN,19719.79,C233708314,8400987.5,8420707.29,C1322595002,72629.93,52910.14,0,0,,
209,CASH_IN,45128.74,C1545206088,8420707.29,8465836.02,C651911441,4669379.26,4624250.52,0,0,,
209,CASH_IN,186298.8,C1172026389,8465836.02,8652134.83,C1931490884,1424883.94,1238585.14,0,0,,
209,CASH_IN,182465.83,C901579346,8652134.83,8834600.66,C1615749242,507493,325027.17,0,0,,
209,CASH_IN,168574.02,C1224141108,8834600.66,9003174.68,C562132144,4526829.6,4358255.58,0,0,,
209,CASH_IN,7676,C1538693851,9003174.68,9010850.67,C997055633,503007.16,495331.17,0,0,,
209,CASH_IN,9685.26,C1129707172,9010850.67,9020535.93,C1690671798,794116.07,784430.81,0,0,,
209,CASH_IN,166596.73,C514315022,9020535.93,9187132.66,C595217186,2705996.67,2539399.95,0,0,,
209,CASH_IN,1219.5,C507790208,36211,37430.5,C1795256276,121994.38,120774.88,0,0,,
209,CASH_IN,207336.38,C554888485,29777,237113.38,C1859278514,0,0,0,0,,
209,CASH_IN,126706.86,C1226202545,23355,150061.86,C667702716,704013.05,577306.19,0,0,,
209,CASH_IN,211454.32,C1144241402,195943,407397.32,C770581555,421763.8,210309.48,0,0,,
209,CASH_IN,312986.83,C764462467,32471,345457.83,C769360859,28544.2,0,0,0,,
209,CASH_IN,23599.37,C555278386,30784,54383.37,C133607273,2016112.22,1992512.85,0,0,,
209,CASH_IN,84290.28,C1238872732,52115,136405.28,C1451363966,0,0,0,0,,
209,CASH_IN,362440.77,C1531481747,436,362876.77,C1655157909,0,0,0,0,,
209,CASH_IN,233642.14,C1640978697,7384,241026.14,C1329949011,0,0,0,0,,
209,CASH_IN,38681.71,C407824809,6905,45586.71,C118916327,927922.47,889240.76,0,0,,
209,CASH_IN,170057.89,C64158904,106236,276293.89,C1640187122,763492.06,593434.17,0,0,,
209,CASH_IN,367915.69,C2141202505,1093,369008.69,C577383255,494662.33,126746.64,0,0,,
209,CASH_IN,168949.21,C905625121,2902,171851.21,C368017689,77830.84,0,0,0,,
209,CASH_IN,396196.43,C1654446516,39664,435860.43,C1344014501,0,0,0,0,,
209,CASH_IN,52336.16,C367574780,442,52778.16,C160365116,0,0,0,0,,
209,CASH_IN,195936.84,C960599226,21156,217092.84,C1189523549,47919.59,0,0,0,,
209,CASH_IN,219599.5,C1759645216,18804,238403.5,C1427825258,10101814.42,9882214.91,0,0,,
209,CASH_IN,221728.52,C755045824,41518,263246.52,C258538380,85580.77,0,0,0,,
209,CASH_IN,122114.68,C1822416232,5493,127607.68,C1537286478,450173.26,328058.58,0,0,,
209,CASH_IN,57728.64,C25101740,104636,162364.64,C609253477,46216.26,0,0,0,,
209,CASH_IN,116687.4,C1657620768,9550,126237.4,C416315467,17050.66,0,0,0,,
209,CASH_IN,192070.03,C319957480,77059,269129.03,C1234234921,673963.55,481893.52,0,0,,
209,CASH_IN,224372.65,C515018219,26098,250470.65,C2060098648,119202.33,0,0,0,,
209,CASH_IN,12888.3,C1776910940,14323,27211.3,C1094271779,1153102.74,1140214.44,0,0,,
209,CASH_IN,287225.94,C1605900041,19380,306605.94,C1096394859,162250.7,0,0,0,,
209,CASH_IN,94101.73,C4079295,1881,95982.73,C2023342707,78423.45,0,0,0,,
209,CASH_IN,439334.84,C1100414792,29862,469196.84,C1504167549,61476.93,0,0,0,,
209,CASH_IN,103152.82,C1008056244,258523,361675.82,C1801362429,0,0,0,0,,
209,CASH_IN,239188.79,C890471663,24474,263662.79,C410153136,75916.41,0,0,0,,
209,CASH_IN,190048.09,C1092000962,477731,667779.09,C1550549457,237832.61,47784.52,0,0,,
209,CASH_IN,67886.94,C958126924,5290,73176.94,C465863155,1153961.8,1086074.87,0,0,,
209,CASH_IN,152725.74,C612753535,116,152841.74,C1385957932,0,0,0,0,,
209,CASH_IN,192254.93,C2002943,1606,193860.93,C1419637778,523647.6,331392.66,0,0,,
209,CASH_IN,33558.15,C887169976,755068,788626.15,C1409898164,73892.92,40334.77,0,0,,
209,CASH_IN,150561.57,C837700899,5680,156241.57,C331052894,56807.38,0,0,0,,
209,CASH_IN,243757.4,C639318542,82546,326303.4,C455478128,671820.29,428062.9,0,0,,
209,CASH_IN,193962.76,C97899464,21832,215794.76,C540029315,0,0,0,0,,
209,CASH_IN,210542.8,C380389272,252738,463280.8,C65770943,637963.22,427420.42,0,0,,
209,CASH_IN,319749.35,C618007716,63952,383701.35,C1718147673,8209775.03,7890025.69,0,0,,
209,CASH_IN,140492.53,C93531203,67424.36,207916.89,C1530197302,27780097.88,27639605.35,0,0,,
209,CASH_IN,21496.26,C2091508664,207916.89,229413.15,C1965928148,2172578.18,2151081.92,0,0,,
209,CASH_IN,171297.25,C1895136400,229413.15,400710.4,C1658069635,6322425.9,6151128.65,0,0,,
209,CASH_IN,152816.64,C1414231508,400710.4,553527.04,C1233857577,532976.67,380160.03,0,0,,
209,CASH_IN,8873.84,C1210493482,553527.04,562400.88,C664202464,170464.6,161590.76,0,0,,
209,CASH_IN,151863.95,C2065773749,562400.88,714264.83,C790420282,2132226.2,1980362.26,0,0,,
209,CASH_IN,125273.82,C543934141,714264.83,839538.65,C112539826,297093.67,171819.85,0,0,,
209,CASH_IN,473941.32,C788652721,839538.65,1313479.98,C912930288,836437.64,362496.31,0,0,,
209,CASH_IN,84084.08,C1376479873,1313479.98,1397564.06,C1626791432,145626.36,61542.27,0,0,,
209,CASH_IN,297868.1,C545093865,1397564.06,1695432.16,C424740319,393654.33,95786.23,0,0,,
209,CASH_IN,414095.51,C1185004277,10556,424651.51,C357907518,380611.54,0,0,0,,
209,CASH_IN,72872.81,C831568217,16305,89177.81,C1045146637,131719.59,58846.77,0,0,,
209,CASH_IN,67977.24,C857321433,306,68283.24,C1797897450,64502.07,0,0,0,,
209,CASH_IN,406678.75,C384358115,702,407380.75,C973723013,111349.46,0,0,0,,
209,CASH_IN,45728.64,C2146400681,14325,60053.64,C759885365,54585.53,8856.88,0,0,,
209,CASH_IN,119413.99,C1039310017,10287,129700.99,C592093707,80133.09,0,0,0,,
209,CASH_IN,47237.58,C446207942,13640,60877.58,C1315307091,1166908.69,1119671.11,0,0,,
209,CASH_IN,75675.03,C996557141,50238,125913.03,C713281021,227416.45,151741.42,0,0,,
209,CASH_IN,292237.68,C267426120,142218,434455.68,C862809411,342699.33,50461.66,0,0,,
209,CASH_IN,19246.42,C602048380,39464,58710.42,C628872504,0,0,0,0,,
209,CASH_IN,142400.57,C1644878175,20837,163237.57,C472973670,0,0,0,0,,
209,CASH_IN,271606.03,C1521259001,31741,303347.03,C536579606,2576512.14,2304906.1,0,0,,
209,CASH_IN,45563.66,C1884793471,63812,109375.66,C1686946265,0,0,0,0,,
209,CASH_IN,149231.4,C1239344580,43721,192952.4,C567520215,228433.44,79202.04,0,0,,
209,CASH_IN,52191.2,C641507491,22188,74379.2,C705353503,335009.31,282818.12,0,0,,
209,CASH_IN,217732.12,C988527972,690657,908389.12,C522080879,513787.27,296055.15,0,0,,
209,CASH_IN,46219.45,C714883321,25884,72103.45,C2123768243,0,0,0,0,,
209,CASH_IN,260171.01,C1699984555,32272,292443.01,C751510214,98964.43,0,0,0,,
209,CASH_IN,17847.72,C60687085,5038,22885.72,C1781705669,151923.03,134075.31,0,0,,
209,CASH_IN,203897.59,C917980193,41741,245638.59,C623816969,259734.92,55837.33,0,0,,
209,CASH_IN,210012.34,C383229657,100804,310816.34,C962399007,212341.16,2328.82,0,0,,
209,CASH_IN,4750.62,C615332708,12329,17079.62,C1720247160,5589,0,0,0,,
209,CASH_IN,419200.98,C1138502734,26596,445796.98,C1805162633,0,0,0,0,,
209,CASH_IN,35638.22,C1241398133,22087,57725.22,C735391776,0,0,0,0,,
209,CASH_IN,391658.86,C100705438,127,391785.86,C336523962,132084.19,0,0,0,,
209,CASH_IN,297635.22,C1322857685,10357,307992.22,C263157703,263230.32,0,0,0,,
209,CASH_IN,79305.34,C1310845745,10170,89475.34,C1877504077,0,0,0,0,,
209,CASH_IN,235218.61,C1566708586,54311,289529.61,C988216318,615197.83,379979.22,0,0,,
209,CASH_IN,76809.3,C533190047,108798,185607.3,C401347570,0,0,0,0,,
209,CASH_IN,166668.36,C1600339389,85887,252555.36,C1131858851,1810536.8,1643868.43,0,0,,
209,CASH_IN,311315.02,C1895800273,157871,469186.02,C2142623984,927134.33,615819.31,0,0,,
209,CASH_IN,5290.77,C131932843,31244,36534.77,C1304793740,4905.79,0,0,0,,
209,CASH_IN,19128.73,C1038957351,51166,70294.73,C691315583,0,0,0,0,,
209,CASH_IN,42341.22,C818703341,17607,59948.22,C1059758207,0,0,0,0,,
209,CASH_IN,184723.88,C727986731,10794,195517.88,C1748380162,671584.06,486860.17,0,0,,
209,CASH_IN,64963.61,C1918019885,167834,232797.61,C2097546643,1684445.5,1619481.89,0,0,,
209,CASH_IN,35426.64,C287159602,112469,147895.64,C530343822,0,0,0,0,,
209,CASH_IN,100136.63,C1987688487,27304,127440.63,C1913556102,0,0,0,0,,
209,CASH_IN,55834.24,C87238970,38698,94532.24,C1613929073,670915.15,615080.91,0,0,,
209,CASH_IN,299381.81,C343807924,308769,608150.81,C1319248517,0,0,0,0,,
209,CASH_IN,284835.87,C1490135615,115939,400774.87,C1082989058,525287.2,240451.33,0,0,,
209,CASH_IN,71596.13,C189720064,13350,84946.13,C454823922,180001.13,108405,0,0,,
209,CASH_IN,368453.05,C1315939846,25556,394009.05,C1463073804,293253.05,0,0,0,,
209,CASH_IN,154969.88,C1177201928,34487,189456.88,C605599127,3314187.89,3159218.01,0,0,,
209,CASH_IN,229408.66,C495466712,385,229793.66,C285643047,0,0,0,0,,
209,CASH_IN,368511.87,C1164074892,13956,382467.87,C1282851129,1258158.6,889646.73,0,0,,
209,CASH_IN,144207.25,C1681102949,398857,543064.25,C284733796,0,0,0,0,,
209,CASH_IN,201769.19,C502326876,5581,207350.19,C139236498,55006.95,0,0,0,,
209,CASH_IN,252498.93,C1288941946,324581,577079.93,C1277246786,1203316.88,950817.95,0,0,,
209,CASH_IN,126065.69,C93023018,281555,407620.69,C655614821,155940.1,29874.41,0,0,,
209,CASH_IN,52983.63,C294720738,54055,107038.63,C970337707,0,0,0,0,,
209,CASH_IN,68214.25,C251828865,189239.16,257453.4,C634203935,2951995.39,2883781.15,0,0,,
209,CASH_IN,95457.34,C1250124433,257453.4,352910.74,C1141603713,139079.79,43622.45,0,0,,
209,CASH_IN,70963.67,C819425880,352910.74,423874.41,C1901440833,3428614.57,3357650.91,0,0,,
209,CASH_IN,1542.69,C1263806170,423874.41,425417.1,C774373710,239154.12,237611.43,0,0,,
209,CASH_IN,87695.05,C1352235939,105550,193245.05,C926512254,201438.19,113743.14,0,0,,
209,CASH_IN,101757.75,C1517631549,190685,292442.75,C370834422,0,0,0,0,,
209,CASH_IN,189452.25,C1518589491,5516,194968.25,C550392454,0,0,0,0,,
209,CASH_IN,323890.47,C742582297,729,324619.47,C2055701900,2423.23,0,0,0,,
209,CASH_IN,369394.81,C437185053,30495,399889.81,C687875798,711104.38,341709.57,0,0,,
209,CASH_IN,186290.1,C318953909,10537,196827.1,C1862287377,4087011.63,3900721.53,0,0,,
209,CASH_IN,221409,C90412969,21590,242999,C2096659334,129809.25,0,0,0,,
209,CASH_IN,196730.79,C1794000126,265878,462608.79,C1104500649,1205047.22,1008316.43,0,0,,
209,CASH_IN,135075.32,C920051816,31068,166143.32,C2039236347,0,0,0,0,,
209,CASH_IN,16339.54,C149829658,20582,36921.54,C608880922,0,0,0,0,,
209,CASH_IN,455.23,C1473603294,45377,45832.23,C1865921084,366649.76,366194.53,0,0,,
209,CASH_IN,233732.55,C34190120,338,234070.55,C205982045,3867.11,0,0,0,,
209,CASH_IN,220679.36,C548203659,7948,228627.36,C1268909769,93407.75,0,0,0,,
209,CASH_IN,71037.19,C323262916,21071,92108.19,C134652807,534420.21,463383.02,0,0,,
209,CASH_IN,158957.46,C1131718447,302,159259.46,C2084375744,258273.82,99316.36,0,0,,
209,CASH_IN,104501.04,C1754634000,600696,705197.04,C1446326385,28157.84,0,0,0,,
209,CASH_IN,61384.19,C1465620581,21668,83052.19,C1265306059,0,0,0,0,,
209,CASH_IN,131580.23,C364016863,70392,201972.23,C1718206489,765279.18,633698.95,0,0,,
209,CASH_IN,124923.97,C1398076795,45038,169961.97,C1549079935,2077618.06,1952694.09,0,0,,
209,CASH_IN,310020.91,C1342923203,20026,330046.91,C658597463,699274.68,389253.78,0,0,,
209,CASH_IN,245753.01,C1204401764,5642,251395.01,C1990088844,0,0,0,0,,
209,CASH_IN,78311.31,C446175035,204146,282457.31,C1432587461,0,0,0,0,,
209,CASH_IN,52370,C1560846661,152,52522,C161124049,152903.3,100533.29,0,0,,
209,CASH_IN,66739.58,C1668837738,40895,107634.58,C745815908,1190230.37,1123490.8,0,0,,
209,CASH_IN,212766.05,C260719712,16356,229122.05,C681044509,151399.71,0,0,0,,
209,CASH_IN,172572.05,C101188035,152008,324580.05,C1614690627,1427452.45,1254880.4,0,0,,
209,CASH_IN,396960.1,C1676452755,21879,418839.1,C10528102,406013.38,9053.28,0,0,,
209,CASH_IN,124442.44,C2114469776,101047,225489.44,C1145123001,11709.38,0,0,0,,
209,CASH_IN,303869.9,C1360807708,36890,340759.9,C1414451499,998137.24,694267.35,0,0,,
209,CASH_IN,3713.29,C1410716319,52768,56481.29,C1033119876,0,0,0,0,,
209,CASH_IN,133998.02,C17923106,31198,165196.02,C486892747,3874138.68,3740140.65,0,0,,
209,CASH_IN,173448.3,C133813543,25493,198941.3,C285048279,0,0,0,0,,
209,CASH_IN,93979.47,C1014846806,201822,295801.47,C1645978882,66719.63,0,0,0,,
209,CASH_IN,257160.47,C1445660177,22225,279385.47,C358439106,0,0,0,0,,
209,CASH_IN,55249.19,C1794746148,101185,156434.19,C33063195,0,0,0,0,,
209,CASH_IN,178957.07,C458286387,23776.98,202734.05,C730930267,350243.92,171286.85,0,0,,
209,CASH_IN,177454.89,C216827417,202734.05,380188.94,C971112650,13909401.59,13731946.7,0,0,,
209,CASH_IN,132105.63,C104655995,380188.94,512294.57,C1643504872,161111.75,29006.12,0,0,,
209,CASH_IN,189290.88,C1033961271,512294.57,701585.45,C958908988,862877.77,673586.89,0,0,,
209,CASH_IN,240490.84,C558234829,701585.45,942076.29,C918217924,892156.93,651666.09,0,0,,
209,CASH_IN,314797.59,C1240562354,942076.29,1256873.88,C2349554,7056834.63,6742037.04,0,0,,
209,CASH_IN,218198.15,C676268227,1256873.88,1475072.03,C1209750133,255247,0,0,0,,
209,CASH_IN,140414.15,C304878522,1475072.03,1615486.18,C1741105655,933970.62,793556.47,0,0,,
209,CASH_IN,51487.03,C469837478,1615486.18,1666973.21,C579844216,462518.28,411031.24,0,0,,
209,CASH_IN,27166.3,C1583872894,1666973.21,1694139.51,C1717223122,1239034.6,1211868.3,0,0,,
209,CASH_IN,223956.41,C239008097,1694139.51,1918095.92,C240259175,388660.29,164703.87,0,0,,
209,CASH_IN,186401.97,C2096995039,1918095.92,2104497.89,C1511138309,356922.65,170520.68,0,0,,
209,CASH_IN,215460.51,C1767679984,2104497.89,2319958.4,C1375277723,1525671.96,1310211.45,0,0,,
209,CASH_IN,216684.96,C134290862,2319958.4,2536643.37,C1198351978,472751.73,256066.77,0,0,,
209,CASH_IN,10207.47,C1905068094,2536643.37,2546850.84,C761011074,500376.12,490168.65,0,0,,
209,CASH_IN,60710.83,C1639342002,2546850.84,2607561.67,C1288904058,275269.34,214558.52,0,0,,
209,CASH_IN,227637.85,C1834551123,2607561.67,2835199.51,C892311426,348597.47,120959.62,0,0,,
209,CASH_IN,90885.58,C1832225595,2835199.51,2926085.1,C2009060227,2226302.59,2135417,0,0,,
209,CASH_IN,93858.12,C1952490075,2926085.1,3019943.22,C1180424660,1667528.31,1573670.19,0,0,,
209,CASH_IN,97438.32,C662186154,3019943.22,3117381.55,C555908481,520631.89,423193.57,0,0,,
209,CASH_IN,88213.55,C46059657,3117381.55,3205595.09,C906261791,172482.6,84269.05,0,0,,
209,CASH_IN,196283.5,C1133772726,3205595.09,3401878.6,C1680104865,315420.84,119137.34,0,0,,
209,CASH_IN,90664.03,C848359397,3401878.6,3492542.63,C777812754,1927247.84,1836583.81,0,0,,
209,CASH_IN,256514.26,C1414249573,3492542.63,3749056.89,C2000020314,287428.97,30914.71,0,0,,
209,CASH_IN,327748.55,C537203965,3749056.89,4076805.44,C260015300,842117.68,514369.13,0,0,,
209,CASH_IN,349268.49,C2083991812,4076805.44,4426073.92,C739418697,898582.72,549314.23,0,0,,
209,CASH_IN,23867.07,C1240274592,4426073.92,4449940.99,C391801054,2822888.6,2799021.54,0,0,,
209,CASH_IN,431353.82,C1078731628,4449940.99,4881294.81,C1389437419,949549.25,518195.43,0,0,,
209,CASH_IN,8091.24,C1223062884,4881294.81,4889386.06,C502738857,2463874.69,2455783.45,0,0,,
209,CASH_IN,177948.38,C228381293,4889386.06,5067334.44,C2126856079,400669.24,222720.85,0,0,,
209,CASH_IN,82752.36,C753241448,5067334.44,5150086.8,C389084886,2833576.18,2750823.82,0,0,,
209,CASH_IN,112734.46,C227773659,5150086.8,5262821.26,C2096217733,212743.29,100008.83,0,0,,
209,CASH_IN,135469.5,C1382502170,21493,156962.5,C1122636245,234813.35,99343.84,0,0,,
209,CASH_IN,264348.21,C394901185,10849,275197.21,C1902905747,218592.68,0,0,0,,
209,CASH_IN,326284.13,C618410961,15250,341534.13,C673059012,64404.17,0,0,0,,
209,CASH_IN,154554.92,C657134639,101979,256533.92,C1722776207,1732554.35,1577999.43,0,0,,
209,CASH_IN,219817.48,C1568767131,56653,276470.48,C1209347566,569301.69,349484.21,0,0,,
209,CASH_IN,162953.93,C1898488591,37279,200232.93,C610674976,142370.07,0,0,0,,
209,CASH_IN,108329.47,C1497524083,15976,124305.47,C1580772300,0,0,0,0,,
209,CASH_IN,29035.96,C435054349,9091,38126.96,C1258243127,866271.1,837235.14,0,0,,
209,CASH_IN,40214.49,C205907029,52233,92447.49,C297790697,72489.71,32275.22,0,0,,
209,CASH_IN,302731.48,C1545164184,20159,322890.48,C1238447790,147582.39,0,0,0,,
209,CASH_IN,167805.35,C2052482310,47067,214872.35,C1905815108,0,0,0,0,,
209,CASH_IN,282609.74,C566235000,7075,289684.74,C1589171704,774560.67,491950.93,0,0,,
209,CASH_IN,154722.29,C936863976,489,155211.29,C1569877453,90269.97,0,0,0,,
209,CASH_IN,21778.16,C1036595189,12297,34075.16,C610499293,13772.66,0,0,0,,
209,CASH_IN,179309.8,C2129471044,304044,483353.8,C458172595,147836.3,0,0,0,,
209,CASH_IN,217366.7,C285567821,41974,259340.7,C1729874920,175249.5,0,0,0,,
209,CASH_IN,217345.35,C1515947242,59,217404.35,C1621645601,3757228.01,3539882.66,0,0,,
209,CASH_IN,98622.27,C938709273,20506,119128.27,C1481533286,164035.11,65412.84,0,0,,
209,CASH_IN,147399.39,C86920201,10737,158136.39,C371337268,32059,0,0,0,,
209,CASH_IN,90059.63,C372869957,9073,99132.63,C619904403,2723747.18,2633687.54,0,0,,
209,CASH_IN,227921.88,C1183421015,10210,238131.88,C899896932,7281984.03,7054062.15,0,0,,
209,CASH_IN,86877.28,C1840531632,238131.88,325009.16,C1160063741,287253.6,200376.32,0,0,,
209,CASH_IN,211958.27,C708276445,325009.16,536967.43,C2033589100,499830.61,287872.34,0,0,,
209,CASH_IN,107365.31,C873510229,536967.43,644332.74,C1852562064,326210.4,218845.09,0,0,,
209,CASH_IN,2666.66,C1040286378,644332.74,646999.4,C738030070,104356.21,101689.55,0,0,,
209,CASH_IN,111386.85,C1900002322,646999.4,758386.25,C180593660,928476.41,817089.56,0,0,,
209,CASH_IN,21630.95,C1612680048,758386.25,780017.2,C671879486,73962.87,52331.92,0,0,,
209,CASH_IN,327458.21,C1360273467,780017.2,1107475.42,C1188145688,5781484.21,5454026,0,0,,
209,CASH_IN,103734.53,C1664285793,1107475.42,1211209.95,C382930729,205822.04,102087.51,0,0,,
209,CASH_IN,10916.81,C1877021497,1211209.95,1222126.75,C96853954,748147.5,737230.69,0,0,,
209,CASH_IN,5440.53,C1933132222,1222126.75,1227567.28,C2028182106,178930.23,173489.7,0,0,,
209,CASH_IN,123083.17,C56402458,1227567.28,1350650.45,C1853269375,252882.45,129799.29,0,0,,
209,CASH_IN,626604.04,C2012841956,1350650.45,1977254.48,C1066513103,4692000.58,4065396.54,0,0,,
209,CASH_IN,596730.51,C275131129,1977254.48,2573985,C62094904,695148.81,98418.29,0,0,,
209,CASH_IN,147687.77,C703315450,2573985,2721672.77,C769121149,511790.87,364103.1,0,0,,
209,CASH_IN,147558.72,C568086714,124,147682.72,C1673434442,809269.93,661711.22,0,0,,
209,CASH_IN,287423.72,C1651232464,49756,337179.72,C1388889194,1155561.17,868137.45,0,0,,
209,CASH_IN,10968.48,C783303020,21545,32513.48,C503505795,3015238.65,3004270.17,0,0,,
209,CASH_IN,60708.95,C138772660,98303,159011.95,C1531775457,10913941.55,10853232.6,0,0,,
209,CASH_IN,24222.01,C1802624656,439760,463982.01,C1598898608,0,0,0,0,,
209,CASH_IN,280950.09,C1894941813,11555,292505.09,C1298720830,2002765.33,1721815.24,0,0,,
209,CASH_IN,224437,C808539025,3238,227675,C2078726536,112785.09,0,0,0,,
209,CASH_IN,237285.17,C628834041,16070,253355.17,C1033643712,1011911.39,774626.21,0,0,,
209,CASH_IN,85691.89,C243809462,1086,86777.89,C1769703619,4215545.08,3997581.04,0,0,,
209,CASH_IN,109692.25,C11798569,50204,159896.25,C2033577070,0,0,0,0,,
209,CASH_IN,140425.35,C744099219,14955,155380.35,C1963835205,526541.23,386115.88,0,0,,
209,CASH_IN,86927.93,C393371242,595549,682476.93,C459233289,137958.52,51030.59,0,0,,
209,CASH_IN,153216.7,C1187996537,51873,205089.7,C1727806258,0,0,0,0,,
209,CASH_IN,110331.93,C1946194899,10483,120814.93,C132626451,0,0,0,0,,
209,CASH_IN,12472.23,C47068551,29144,41616.23,C1082562574,199286.66,186814.43,0,0,,
209,CASH_IN,47895.93,C557043362,35576,83471.93,C1966373353,0,0,0,0,,
209,CASH_IN,103539.63,C2061099343,30497,134036.63,C1502963562,476861.06,373321.43,0,0,,
209,CASH_IN,39250.76,C513449772,11771,51021.76,C205502473,27339747.56,27300496.81,0,0,,
209,CASH_IN,60459.68,C1359800776,5006,65465.68,C441610510,0,0,0,0,,
209,CASH_IN,58770.47,C1585086563,51520,110290.47,C1326767645,0,0,0,0,,
209,CASH_IN,204631.69,C1668845310,2051,206682.69,C140785876,5235629.36,5030997.67,0,0,,
209,CASH_IN,194041.44,C964719757,10880,204921.44,C1655149284,137852.11,0,0,0,,
209,CASH_IN,171207.8,C987693126,45258,216465.8,C1704155253,1463053.7,1291845.91,0,0,,
209,CASH_IN,34535.89,C534167153,11969,46504.89,C776143034,0,0,0,0,,
209,CASH_IN,52514.06,C1770560325,299065,351579.06,C141706120,4823067.49,4770553.42,0,0,,
209,CASH_IN,37982.09,C269541329,41395,79377.09,C1811482408,4722699.5,4684717.41,0,0,,
209,CASH_IN,177771.51,C1727980852,11226,188997.51,C773723489,681950.04,504178.53,0,0,,
209,CASH_IN,354166.03,C90965574,6496,360662.03,C1192771151,5058219.68,4704053.65,0,0,,
209,CASH_IN,92056.59,C1939538829,126977.55,219034.14,C803984158,1026480.72,934424.12,0,0,,
209,CASH_IN,130630.1,C1417496312,219034.14,349664.23,C225845882,310297,179666.9,0,0,,
209,CASH_IN,178786.89,C559270067,349664.23,528451.13,C270443867,3471867.71,3293080.82,0,0,,
209,CASH_IN,157122.55,C671629977,528451.13,685573.67,C881357018,5491514.2,5334391.65,0,0,,
209,CASH_IN,193448.28,C61123454,685573.67,879021.95,C37649658,900171.29,706723,0,0,,
209,CASH_IN,179616.44,C1037068148,879021.95,1058638.4,C1197275799,223568.63,43952.19,0,0,,
209,CASH_IN,112876.13,C852434989,1058638.4,1171514.53,C2124296700,4586916.22,4474040.08,0,0,,
209,CASH_IN,61669.99,C1488564327,1171514.53,1233184.53,C1985253789,2419814.55,2358144.55,0,0,,
209,CASH_IN,81921.58,C2120228693,1233184.53,1315106.1,C516516576,8744810.42,8662888.84,0,0,,
209,CASH_IN,63950.93,C505348560,49314.86,113265.79,C1862201324,143419.83,79468.9,0,0,,
209,CASH_IN,315446.34,C1627074545,113265.79,428712.13,C666390096,2546620.21,2231173.87,0,0,,
209,CASH_IN,32278.44,C155622312,428712.13,460990.57,C1915474325,428054.31,395775.87,0,0,,
209,CASH_IN,38683.41,C132829731,460990.57,499673.97,C2017246459,79417.05,40733.64,0,0,,
209,CASH_IN,48394.78,C1629307535,499673.97,548068.76,C1261272397,1311891.09,1263496.3,0,0,,
209,CASH_IN,102463.58,C1478524410,548068.76,650532.34,C1801704829,143441.19,40977.6,0,0,,
209,CASH_IN,124899.2,C1703294605,650532.34,775431.54,C1988483026,262570.32,137671.12,0,0,,
209,CASH_IN,47366.91,C883723220,775431.54,822798.45,C2081100319,327243.64,279876.73,0,0,,
209,CASH_IN,540973,C1068416756,822798.45,1363771.45,C1714944517,1002711.34,461738.33,0,0,,
209,CASH_IN,205763.24,C1681578838,1363771.45,1569534.69,C1000058185,294051.8,88288.56,0,0,,
209,CASH_IN,412818.27,C811383554,1569534.69,1982352.96,C191029889,8027136.38,7614318.11,0,0,,
209,CASH_IN,137829.42,C1627284726,1982352.96,2120182.38,C452581462,4594392.53,4456563.11,0,0,,
209,CASH_IN,156599.59,C720187139,2120182.38,2276781.97,C168495042,624578,467978.41,0,0,,
209,CASH_IN,582334.18,C415211875,2276781.97,2859116.15,C1820415853,3867886.09,3285551.91,0,0,,
209,CASH_IN,83845.54,C1307483613,2859116.15,2942961.69,C264099236,252353.97,168508.43,0,0,,
209,CASH_IN,19137.36,C1587845442,2942961.69,2962099.05,C881100856,8092267.66,8073130.3,0,0,,
209,CASH_IN,18297.22,C494018722,2962099.05,2980396.26,C1235938540,250688.06,232390.85,0,0,,
209,CASH_IN,44301.91,C2023964374,2980396.26,3024698.18,C182140574,316074.34,271772.43,0,0,,
209,CASH_IN,8186.66,C1100633194,3024698.18,3032884.83,C1664439369,1850877.34,1842690.68,0,0,,
209,CASH_IN,263537.77,C990817170,3032884.83,3296422.6,C1187849046,412747.63,149209.86,0,0,,
209,CASH_IN,45211.69,C930474849,3296422.6,3341634.3,C188178477,363613.86,318402.17,0,0,,
209,CASH_IN,114740.62,C1455503063,3341634.3,3456374.92,C1533279160,1236295.25,1121554.63,0,0,,
209,CASH_IN,353865.88,C1173033313,3456374.92,3810240.8,C162323653,2417572.97,2063707.09,0,0,,
209,CASH_IN,137272.05,C200761461,3810240.8,3947512.85,C867802790,6410851.8,6273579.75,0,0,,
209,CASH_IN,245231.73,C323075209,3947512.85,4192744.58,C377517332,413143.31,167911.58,0,0,,
209,CASH_IN,404761.26,C1290356664,4192744.58,4597505.84,C1983295627,3146264.45,2741503.19,0,0,,
209,CASH_IN,24148.04,C1360275293,4597505.84,4621653.88,C2131965093,2106189.44,2082041.39,0,0,,
209,CASH_IN,14308.95,C1641025986,4621653.88,4635962.83,C255491809,77469.97,63161.02,0,0,,
209,CASH_IN,216897.22,C2137738373,4635962.83,4852860.06,C1387695055,2143837.69,1926940.46,0,0,,
209,CASH_IN,111146.15,C2033782871,4852860.06,4964006.21,C688219617,378974.17,267828.02,0,0,,
209,CASH_IN,129042.46,C166194914,4964006.21,5093048.67,C1840306165,2766384.83,2637342.37,0,0,,
209,CASH_IN,317417.3,C1750642717,5093048.67,5410465.97,C1502942700,3094849.67,2777432.37,0,0,,
209,CASH_IN,123416.7,C1299367671,5410465.97,5533882.67,C331931205,5373651.44,5250234.74,0,0,,
209,CASH_IN,111887.37,C2096680102,5533882.67,5645770.04,C2145722321,2150521.18,2038633.82,0,0,,
209,CASH_IN,72517.4,C1247722789,5645770.04,5718287.44,C951863072,188983.46,116466.05,0,0,,
209,CASH_IN,80374.28,C1739269163,5718287.44,5798661.72,C1707227464,1765182.65,1684808.36,0,0,,
209,CASH_IN,251205.45,C1018495831,5798661.72,6049867.18,C136729799,594432.23,343226.77,0,0,,
209,CASH_IN,175501.72,C101873051,6049867.18,6225368.9,C1376883606,393744.23,218242.5,0,0,,
209,CASH_IN,86310.93,C966412265,6225368.9,6311679.83,C238784084,4775494.48,4689183.55,0,0,,
209,CASH_IN,104844.73,C128886413,6311679.83,6416524.56,C166225254,3896180.06,3791335.33,0,0,,
209,CASH_IN,41284.02,C320189076,6416524.56,6457808.58,C201469565,112843.58,71559.56,0,0,,
209,CASH_IN,181712.66,C113157056,6457808.58,6639521.24,C1095234183,4703730.28,4522017.62,0,0,,
209,CASH_IN,120364.73,C1836059121,6639521.24,6759885.97,C92865140,1672199.09,1551834.36,0,0,,
209,CASH_IN,174937.44,C530075676,6759885.97,6934823.42,C1692912266,10163774.61,9988837.16,0,0,,
209,CASH_IN,28218.67,C1280687248,37,28255.67,C1345907909,230852.88,202634.21,0,0,,
209,CASH_IN,107856.61,C1058777644,6081,113937.61,C379880357,82697.22,0,0,0,,
209,CASH_IN,268889.06,C1517547774,20,268909.06,C917264114,3374211.53,3105322.47,0,0,,
209,CASH_IN,279982.31,C1058774492,19611,299593.31,C1049654404,0,0,0,0,,
209,CASH_IN,143271.66,C1805205327,10364,153635.66,C67242627,819071.56,675799.9,0,0,,
209,CASH_IN,19679.57,C1744775049,39642,59321.57,C368101467,0,0,0,0,,
209,CASH_IN,133910.49,C1315861816,62431,196341.49,C1801134780,22159.56,0,0,0,,
209,CASH_IN,92348.61,C826940361,10891,103239.61,C40013075,0,0,0,0,,
209,CASH_IN,105976.01,C431877273,20158,126134.01,C782721954,425653.83,319677.83,0,0,,
209,CASH_IN,92096.05,C1135447223,8540,100636.05,C1992988922,0,0,0,0,,
209,CASH_IN,300672.66,C1512827430,20573,321245.66,C1978583416,0,0,0,0,,
209,CASH_IN,166896.41,C780479106,5902,172798.41,C898776232,10479196.51,10312300.1,0,0,,
209,CASH_IN,18417.01,C1464417048,51289,69706.01,C371966998,0,0,0,0,,
209,CASH_IN,101305.28,C2112447381,31220,132525.28,C108124437,621321.98,520016.7,0,0,,
209,CASH_IN,542024.01,C579244566,8155,550179.01,C801789069,3943263.15,3401239.14,0,0,,
209,CASH_IN,17281.94,C624303170,172484,189765.94,C586194222,440511.58,423229.64,0,0,,
209,CASH_IN,149905.06,C1005003096,61407,211312.06,C120928684,206006.51,56101.45,0,0,,
209,CASH_IN,73015.09,C956509465,157937,230952.09,C1140237255,205609.36,132594.27,0,0,,
209,CASH_IN,403983.95,C2038447176,550,404533.95,C369190753,0,0,0,0,,
209,CASH_IN,219789.42,C406389072,86876,306665.42,C369960446,0,0,0,0,,
209,CASH_IN,255850.71,C533859649,24916,280766.71,C906814258,27109,0,0,0,,
209,CASH_IN,72459.52,C1000011070,30702,103161.52,C55050277,54051.86,0,0,0,,
209,CASH_IN,242695.78,C1422258205,22206,264901.78,C3764549,0,0,0,0,,
209,CASH_IN,94800.06,C1015034826,5077,99877.06,C1456961857,383038.61,288238.55,0,0,,
209,CASH_IN,10518,C1286616381,71134,81652,C446916372,584498.01,573980,0,0,,
209,CASH_IN,313413.47,C1186668031,18624.56,332038.03,C1926978245,448398.6,134985.14,0,0,,
209,CASH_IN,293687.13,C361094418,332038.03,625725.16,C638722081,1002248.49,708561.36,0,0,,
209,CASH_IN,155921.31,C727708112,625725.16,781646.46,C1583755825,1486204.59,1330283.28,0,0,,
209,CASH_IN,245241.98,C1579427399,781646.46,1026888.45,C407349438,713511.86,468269.88,0,0,,
209,CASH_IN,98914.74,C1089379481,1026888.45,1125803.19,C1410432713,729901.58,630986.83,0,0,,
209,CASH_IN,235889.29,C2075698395,1125803.19,1361692.48,C972635945,455862.47,219973.18,0,0,,
209,CASH_IN,84262.63,C800922381,1361692.48,1445955.11,C1651985191,458521.96,374259.33,0,0,,
209,CASH_IN,202027.63,C1356076707,1445955.11,1647982.74,C98917127,218945.73,16918.1,0,0,,
209,CASH_IN,288851.8,C1684685428,1647982.74,1936834.53,C95714609,1013243.13,724391.33,0,0,,
209,CASH_IN,275025.77,C1523235934,1936834.53,2211860.3,C1636445414,918939.14,643913.37,0,0,,
209,CASH_IN,93794.68,C493400441,2211860.3,2305654.98,C1120226241,285282.51,191487.84,0,0,,
209,CASH_IN,382038.3,C1845091705,2305654.98,2687693.28,C754175992,1291425.63,909387.33,0,0,,
209,CASH_IN,124417.01,C1530288976,2687693.28,2812110.29,C1098904284,651973.24,527556.23,0,0,,
209,CASH_IN,51677.87,C1418802212,2812110.29,2863788.16,C1383952098,693468.38,641790.51,0,0,,
209,CASH_IN,197766.79,C204125366,2863788.16,3061554.95,C1626796803,1013860.53,816093.74,0,0,,
209,CASH_IN,3997.19,C790340191,3061554.95,3065552.14,C2063811065,1183570.06,1179572.87,0,0,,
209,CASH_IN,12044.88,C1176404023,3065552.14,3077597.02,C948239801,14747.71,2702.83,0,0,,
209,CASH_IN,191614.54,C460565700,3077597.02,3269211.56,C151782770,336085.74,144471.2,0,0,,
209,CASH_IN,344998.35,C1109730328,3269211.56,3614209.91,C960370729,753073.5,408075.14,0,0,,
209,CASH_IN,118302.03,C811495257,3614209.91,3732511.94,C82173733,1297417.12,1179115.09,0,0,,
209,CASH_IN,67786.3,C49503837,3732511.94,3800298.24,C979938705,95751.23,27964.93,0,0,,
209,CASH_IN,92218,C73451339,3800298.24,3892516.24,C395352236,1830128.37,1737910.37,0,0,,
209,CASH_IN,159583.71,C1871590971,3892516.24,4052099.95,C312362475,3822864.97,3663281.26,0,0,,
209,CASH_IN,119220.46,C753514548,4052099.95,4171320.41,C1093345234,2314827.57,2195607.1,0,0,,
209,CASH_IN,241341.11,C879757890,4171320.41,4412661.52,C1283824970,830535.02,589193.91,0,0,,
209,CASH_IN,555715.75,C917035288,4412661.52,4968377.28,C757666359,3385350.57,2829634.82,0,0,,
209,CASH_IN,243766.58,C680070680,4968377.28,5212143.85,C2095837159,287765.34,43998.76,0,0,,
209,CASH_IN,179437.07,C1237334821,5212143.85,5391580.93,C531566812,202685.46,23248.39,0,0,,
209,CASH_IN,74106.98,C2111179333,5391580.93,5465687.91,C1604230290,450358.35,376251.37,0,0,,
209,CASH_IN,260406.62,C231111934,5465687.91,5726094.53,C1172888538,1253777.31,993370.69,0,0,,
209,CASH_IN,419888.58,C1834961552,5726094.53,6145983.11,C805305980,1721281.11,1301392.53,0,0,,
209,CASH_IN,421956.52,C621694221,6145983.11,6567939.63,C884452399,1970343.95,1548387.43,0,0,,
209,CASH_IN,256469.99,C1749544907,6567939.63,6824409.62,C1312308648,566632.53,310162.54,0,0,,
209,CASH_IN,231111.6,C1448632241,6824409.62,7055521.23,C1441076550,5368015.93,5136904.32,0,0,,
209,CASH_IN,90155.78,C1103397920,7055521.23,7145677.01,C926078453,1153862.97,1063707.19,0,0,,
209,CASH_IN,49677.19,C385208112,7145677.01,7195354.2,C591641059,1156694.94,1107017.75,0,0,,
209,CASH_IN,78494.48,C1092305810,7195354.2,7273848.68,C865922491,6245661.85,6167167.37,0,0,,
209,CASH_IN,5492.52,C1437215191,7273848.68,7279341.21,C163422887,84277.36,78784.83,0,0,,
209,CASH_IN,201467.44,C808080070,7279341.21,7480808.65,C977904280,471825.83,270358.39,0,0,,
209,CASH_IN,34044.54,C136218556,7480808.65,7514853.19,C1354767718,186422.66,152378.12,0,0,,
209,CASH_IN,259626.58,C318919422,7514853.19,7774479.77,C345957126,1188707.54,929080.96,0,0,,
209,CASH_IN,135441.66,C392308184,7774479.77,7909921.43,C2104345506,1085886.14,950444.48,0,0,,
209,CASH_IN,122771,C1966926224,7909921.43,8032692.43,C2057424626,2725106.1,2602335.1,0,0,,
209,CASH_IN,54537.6,C165913580,8032692.43,8087230.03,C606499177,12185930.98,12131393.37,0,0,,
209,CASH_IN,107107.83,C142050700,8087230.03,8194337.86,C1239497759,123660.74,16552.91,0,0,,
209,CASH_IN,13829.47,C247283135,8194337.86,8208167.33,C763502549,2385874.62,2372045.14,0,0,,
209,CASH_IN,106113.73,C475997585,8208167.33,8314281.05,C357765190,1536657.9,1430544.17,0,0,,
209,CASH_IN,120433.39,C137824565,8314281.05,8434714.44,C806908987,158255.75,37822.36,0,0,,
209,CASH_IN,200626.81,C1012446810,8434714.44,8635341.26,C797687280,274592.7,73965.89,0,0,,
209,CASH_IN,136747.02,C1542399147,8635341.26,8772088.28,C796684699,281361.92,144614.91,0,0,,
209,CASH_IN,272519.44,C1056563690,8772088.28,9044607.71,C1011715407,1532882.02,1260362.58,0,0,,
209,CASH_IN,200089.03,C238496161,9044607.71,9244696.75,C1120265536,1032153.65,832064.62,0,0,,
209,CASH_IN,178735.84,C1998890075,9244696.75,9423432.58,C1387253902,4516782.93,4338047.09,0,0,,
209,CASH_IN,38671.16,C1431047272,9423432.58,9462103.74,C466781109,221112.3,182441.14,0,0,,
209,CASH_IN,70679.47,C617300378,9462103.74,9532783.21,C351960380,3003690.18,2933010.71,0,0,,
209,CASH_IN,97247.35,C319168131,9532783.21,9630030.56,C1235553462,9336395.46,9239148.11,0,0,,
209,CASH_IN,84111.97,C1104312004,9630030.56,9714142.54,C1966986369,448163.13,364051.16,0,0,,
209,CASH_IN,248284.11,C1959271898,9714142.54,9962426.65,C1885955758,3471477.18,3223193.07,0,0,,
209,CASH_IN,70799.83,C175195464,9962426.65,10033226.48,C1126553623,3964843.98,3894044.15,0,0,,
209,CASH_IN,170867.4,C690008195,10033226.48,10204093.88,C1958252689,997348.55,826481.15,0,0,,
209,CASH_IN,125917.76,C2073466677,10204093.88,10330011.64,C1462944562,133412.71,7494.95,0,0,,
209,CASH_IN,124988.63,C1334080336,10330011.64,10455000.27,C413559476,188660.09,63671.46,0,0,,
209,CASH_IN,104583.28,C1331635437,10455000.27,10559583.55,C730521623,188194.34,83611.06,0,0,,
209,CASH_IN,379237.16,C1666658605,10559583.55,10938820.71,C754124012,3754070.81,3374833.65,0,0,,
209,CASH_IN,128268.67,C750202189,10938820.71,11067089.38,C1196005969,4358215.36,4229946.69,0,0,,
209,CASH_IN,72794.22,C1086707064,11067089.38,11139883.59,C1000374016,2145177.28,2072383.07,0,0,,
209,CASH_IN,8685.7,C1988884929,11139883.59,11148569.29,C360232062,211946.43,203260.73,0,0,,
209,CASH_IN,88471.98,C747593828,11148569.29,11237041.27,C743140865,195925.11,107453.12,0,0,,
209,CASH_IN,363156.56,C1661484293,37482,400638.56,C749573128,0,0,0,0,,
209,CASH_IN,76223.7,C587232144,5615,81838.7,C1889607692,1720674.45,1644450.76,0,0,,
209,CASH_IN,196024.76,C990593995,20579,216603.76,C495612469,125390.4,0,0,0,,
209,CASH_IN,142498.31,C136387543,193,142691.31,C2139855175,197688.21,55189.91,0,0,,
209,CASH_IN,131791.08,C518890586,1970,133761.08,C559886220,184760.98,52969.9,0,0,,
209,CASH_IN,71108.58,C512949235,6186,77294.58,C1063232214,1778278.77,1707170.18,0,0,,
209,CASH_IN,123031.54,C844862265,740,123771.54,C835985832,0,0,0,0,,
209,CASH_IN,23196.92,C874997767,61384,84580.92,C1962045008,59817.6,36620.68,0,0,,
209,CASH_IN,338093.34,C1992466321,560941,899034.34,C1053178133,5903.23,0,0,0,,
209,CASH_IN,189100.53,C493850849,5078,194178.53,C187837584,0,0,0,0,,
209,CASH_IN,180836.43,C1830802633,21090,201926.43,C666302611,5409.1,0,0,0,,
209,CASH_IN,103158.57,C1491963415,21673,124831.57,C1839907405,0,0,0,0,,
209,CASH_IN,240857.81,C1041029099,18504,259361.81,C799837485,414689.15,173831.34,0,0,,
209,CASH_IN,368604.85,C1721743344,517,369121.85,C741465849,2188106.21,1819501.36,0,0,,
209,CASH_IN,301198.86,C531712183,92663,393861.86,C477365653,4477022.94,4175824.08,0,0,,
209,CASH_IN,112528.67,C1973914326,393861.86,506390.53,C93155521,1397466.96,1284938.29,0,0,,
209,CASH_IN,6894.09,C1785026590,21241,28135.09,C1133413799,3560838.8,3553944.71,0,0,,
209,CASH_IN,86455.02,C634922775,6015,92470.02,C832256258,0,0,0,0,,
209,CASH_IN,177087.29,C1471713982,21489,198576.29,C801665928,412233.35,235146.06,0,0,,
209,CASH_IN,30198.92,C496307407,258,30456.92,C1398233184,25594.58,0,0,0,,
209,CASH_IN,60927.54,C1272706587,1086,62013.54,C508853142,165242.59,104315.05,0,0,,
209,CASH_IN,187584.33,C945742229,46473,234057.33,C1650558643,109370.68,0,0,0,,
209,CASH_IN,207785.07,C570600095,100110,307895.07,C1229859228,62106.05,0,0,0,,
209,CASH_IN,128721.27,C1197246536,453,129174.27,C143488108,788729.28,660008.02,0,0,,
209,CASH_IN,58152.05,C12079491,34218,92370.05,C495378739,0,0,0,0,,
209,CASH_IN,215637.71,C1329602141,265276.34,480914.05,C355040612,287881.68,72243.96,0,0,,
209,CASH_IN,76938.52,C1678978466,480914.05,557852.57,C1487977645,307404.27,230465.75,0,0,,
209,CASH_IN,30126.14,C363463264,155976,186102.14,C980831362,3611214.15,3581088.01,0,0,,
209,CASH_IN,60563.53,C483300318,19490,80053.53,C1814863667,0,0,0,0,,
209,CASH_IN,397652.23,C745617412,22767,420419.23,C1315285556,0,0,0,0,,
209,CASH_IN,15952.48,C208334488,64966,80918.48,C573275881,1488516.12,1472563.65,0,0,,
209,CASH_IN,210924.27,C71778996,183172,394096.27,C1622681544,0,0,0,0,,
209,CASH_IN,209652.19,C736977050,30786,240438.19,C541395442,714798.56,505146.37,0,0,,
209,CASH_IN,66401.41,C65398110,11254,77655.41,C1624006138,0,0,0,0,,
209,CASH_IN,26617.53,C1223458703,20617,47234.53,C1811569963,39208.31,12590.79,0,0,,
209,CASH_IN,44949.19,C123959909,100719,145668.19,C374561914,12767527.55,12722578.36,0,0,,
209,CASH_IN,255368.71,C646020564,20348,275716.71,C171600617,1587782.85,1332414.14,0,0,,
209,CASH_IN,212277.39,C2128716342,22430,234707.39,C2016298467,564642.17,352364.78,0,0,,
209,CASH_IN,196064.28,C1156228048,59429,255493.28,C631723234,0,0,0,0,,
209,CASH_IN,136149.73,C640975036,281932,418081.73,C1103920598,0,0,0,0,,
209,CASH_IN,115823.97,C255896691,689381,805204.97,C451672488,4388.73,0,0,0,,
209,CASH_IN,10379.96,C231472418,27305,37684.96,C815972096,0,0,0,0,,
209,CASH_IN,355245.52,C1630096986,860,356105.52,C2115577731,143021.35,0,0,0,,
209,CASH_IN,242297.54,C270039643,20146,262443.54,C1542252263,0,0,0,0,,
209,CASH_IN,158473.27,C316258505,161676,320149.27,C1713274061,532223.53,373750.27,0,0,,
209,CASH_IN,37113.54,C30260382,61446,98559.54,C1489859793,28861.18,0,0,0,,
209,CASH_IN,152567.27,C28212061,242088.77,394656.03,C999731400,1292504.9,1139937.63,0,0,,
209,CASH_IN,114360.92,C598810082,394656.03,509016.95,C468542785,834380.47,720019.55,0,0,,
209,CASH_IN,105372.38,C2118482714,509016.95,614389.34,C1435632116,1367613.8,1262241.42,0,0,,
209,CASH_IN,101612.56,C1266812387,614389.34,716001.9,C1332869235,146665.61,45053.05,0,0,,
209,CASH_IN,39869.49,C965012317,716001.9,755871.39,C712616628,51719.14,11849.65,0,0,,
209,CASH_IN,30644.75,C317833090,755871.39,786516.14,C335367242,235972.16,205327.42,0,0,,
209,CASH_IN,70212.1,C1203342189,786516.14,856728.23,C687716799,91594.99,21382.89,0,0,,
209,CASH_IN,186066.88,C474948452,856728.23,1042795.12,C926238678,485896.9,299830.01,0,0,,
209,CASH_IN,14427.28,C42986931,1042795.12,1057222.4,C1170134936,957073.06,942645.78,0,0,,
209,CASH_IN,224346.96,C488464335,1057222.4,1281569.35,C262636206,427786.78,203439.83,0,0,,
209,CASH_IN,9562.39,C385113570,1281569.35,1291131.74,C1082096924,1530441.11,1520878.72,0,0,,
209,CASH_IN,101444.92,C1933903963,1291131.74,1392576.66,C1141817238,476927.36,375482.44,0,0,,
209,CASH_IN,339941.28,C240812533,1392576.66,1732517.94,C1504450194,649585.54,309644.26,0,0,,
209,CASH_IN,379209.28,C2035172566,1732517.94,2111727.22,C811759584,974553.36,595344.08,0,0,,
209,CASH_IN,163287.5,C1306594640,2111727.22,2275014.72,C1974001768,229933.2,66645.71,0,0,,
209,CASH_IN,502520.08,C373150567,2275014.72,2777534.8,C635132143,1782506.73,1279986.65,0,0,,
209,CASH_IN,254618.2,C1286782332,2777534.8,3032153,C464528012,1336737.46,1082119.25,0,0,,
209,CASH_IN,8176.46,C1196501192,3032153,3040329.47,C1667275192,76437.71,68261.25,0,0,,
209,CASH_IN,25091.22,C43988735,3040329.47,3065420.68,C294840774,72840.23,47749.01,0,0,,
209,CASH_IN,30943.1,C2051107616,3065420.68,3096363.78,C609069769,35367.69,4424.59,0,0,,
209,CASH_IN,32850.59,C599879753,3096363.78,3129214.37,C1590031282,151558.73,118708.15,0,0,,
209,CASH_IN,121468.66,C1838680977,11286,132754.66,C753080392,532825.85,411357.19,0,0,,
209,CASH_IN,92057.53,C1330247188,486512,578569.53,C995038326,303395.1,211337.57,0,0,,
209,CASH_IN,334129.18,C626177668,49867,383996.18,C1740766574,1524274.98,1190145.79,0,0,,
209,CASH_IN,123490.45,C1087790086,172,123662.45,C585230960,1103692.01,980201.56,0,0,,
209,CASH_IN,30487.37,C634439327,245586.17,276073.54,C208162281,149048.17,118560.8,0,0,,
209,CASH_IN,104234.25,C170732752,195,104429.25,C808395524,0,0,0,0,,
209,CASH_IN,114225.83,C963926142,9409,123634.83,C476824952,950543.98,836318.15,0,0,,
209,CASH_IN,24309.88,C1516025900,405086,429395.88,C1557910827,614331.1,590021.22,0,0,,
209,CASH_IN,182978.2,C931039236,20085,203063.2,C104280200,2799440.04,2616461.84,0,0,,
209,CASH_IN,216296.67,C518401548,74538,290834.67,C840197371,1756548.53,1540251.86,0,0,,
209,CASH_IN,167942.71,C224698016,126,168068.71,C668170565,276083.79,108141.07,0,0,,
209,CASH_IN,47937.18,C1505559612,32975,80912.18,C1969690926,157214.13,109276.95,0,0,,
209,CASH_IN,111904.9,C1810410374,123978,235882.9,C1054755266,443959.81,332054.91,0,0,,
209,CASH_IN,4051.88,C998587136,60056,64107.88,C1893745388,5882940.79,5878888.9,0,0,,
209,CASH_IN,75606.59,C1275933604,60218.9,135825.49,C531118622,390723.73,315117.14,0,0,,
209,CASH_IN,61963.07,C1860967624,51033,112996.07,C235845983,354338.87,292375.8,0,0,,
209,CASH_IN,35718.56,C2115170079,29923,65641.56,C727750511,0,0,0,0,,
209,CASH_IN,337869.6,C1455869252,158858,496727.6,C245006816,0,0,0,0,,
209,CASH_IN,175646.82,C1344212741,43430,219076.82,C1453632245,170011.57,0,0,0,,
209,CASH_IN,58742.56,C16217094,14937,73679.56,C254427580,0,0,0,0,,
209,CASH_IN,218919.83,C1966278808,22376,241295.83,C751054089,508331.11,289411.28,0,0,,
209,CASH_IN,64411.58,C1304173841,5068,69479.58,C859177764,102597.92,38186.34,0,0,,
209,CASH_IN,227374.25,C765314979,107163,334537.25,C1812358730,74560.18,0,0,0,,
209,CASH_IN,223839.43,C6558612,21401,245240.43,C1710445683,0,0,0,0,,
209,CASH_IN,221030.41,C1599066046,5080,226110.41,C2054112245,1097343.73,876313.32,0,0,,
209,CASH_IN,236893.64,C497531151,52664,289557.64,C28825152,275710.29,38816.64,0,0,,
209,CASH_IN,35733.55,C1578540377,31108,66841.55,C1366367431,606752.9,571019.35,0,0,,
209,CASH_IN,259891.61,C354973321,119,260010.61,C442112186,0,0,0,0,,
209,CASH_IN,45038.29,C214644255,3254,48292.29,C1460151587,57442.51,12404.22,0,0,,
209,CASH_IN,40908.32,C1409361536,31616,72524.32,C99507089,1665785.33,1624877,0,0,,
209,CASH_IN,339357.5,C1475994572,622519.02,961876.52,C3070386,610157.73,270800.23,0,0,,
209,CASH_IN,283094.5,C2081123615,187769,470863.5,C1978003947,544605.28,261510.77,0,0,,
209,CASH_IN,213233.42,C836428138,682,213915.42,C88055148,0,0,0,0,,
209,CASH_IN,198300.28,C1777208820,275,198575.28,C800775040,0,0,0,0,,
209,CASH_IN,110488.53,C1235398701,70065,180553.53,C660657364,381849.81,271361.28,0,0,,
209,CASH_IN,101527.74,C482712404,29912,131439.74,C1359291621,148233.54,46705.8,0,0,,
209,CASH_IN,126411.45,C1627959499,637,127048.45,C732274188,2069129.02,1942717.58,0,0,,
209,CASH_IN,52526.63,C67077008,100219,152745.63,C726834993,735596.85,683070.22,0,0,,
209,CASH_IN,251383.09,C655243876,549979,801362.09,C1483188264,586570.15,335187.06,0,0,,
209,CASH_IN,163736.59,C1489315543,5334,169070.59,C2054032518,3552136.51,3388399.91,0,0,,
209,CASH_IN,5412.63,C478212465,92186,97598.63,C1934388229,493104.67,487692.04,0,0,,
209,CASH_IN,70275.81,C1479439240,525,70800.81,C1995897445,33464.71,0,0,0,,
209,CASH_IN,221499.59,C2007208531,68137,289636.59,C1486379182,2136328.93,1914829.34,0,0,,
209,CASH_IN,107326.11,C552738385,1426,108752.11,C1812642666,117329.18,10003.08,0,0,,
209,CASH_IN,418718.47,C1613869520,20694,439412.47,C2144009959,348556.55,0,0,0,,
209,CASH_IN,124633.75,C19917927,706352,830985.75,C149637713,127377.51,2743.75,0,0,,
209,CASH_IN,152885.5,C540953067,160,153045.5,C530966789,293455.74,140570.24,0,0,,
209,CASH_IN,33497.46,C443329591,6297,39794.46,C1532926104,48576.97,15079.51,0,0,,
209,CASH_IN,4144.99,C567045268,3833,7977.99,C1401999239,0,0,0,0,,
209,CASH_IN,15886.88,C1004633972,70513,86399.88,C1398661132,4630049.4,4614162.52,0,0,,
209,CASH_IN,233877.26,C339382815,86399.88,320277.14,C2092417295,1201245.78,967368.52,0,0,,
209,CASH_IN,330074.49,C1044765798,320277.14,650351.63,C1664449497,375843.21,45768.72,0,0,,
209,CASH_IN,147420.18,C1578381638,650351.63,797771.81,C1013588370,553089.8,405669.62,0,0,,
209,CASH_IN,11887.1,C1849622319,797771.81,809658.91,C1117860070,3998507.92,3986620.82,0,0,,
209,CASH_IN,55035.67,C785658525,809658.91,864694.58,C796136947,1889256.68,1834221.01,0,0,,
209,CASH_IN,180971.5,C1055030733,864694.58,1045666.07,C1639431419,526768.32,345796.83,0,0,,
209,CASH_IN,278215.8,C1099167062,1045666.07,1323881.87,C1551038246,403852.66,125636.86,0,0,,
209,CASH_IN,102355.87,C1490927054,1323881.87,1426237.75,C907221737,6627063.27,6524707.4,0,0,,
209,CASH_IN,434674.09,C1460812946,1426237.75,1860911.84,C556582429,1737711.36,1303037.27,0,0,,
209,CASH_IN,117402.37,C2058563496,1860911.84,1978314.21,C511742876,272057.23,154654.86,0,0,,
209,CASH_IN,276384.42,C616848621,1978314.21,2254698.63,C2085432393,7861972.44,7585588.03,0,0,,
209,CASH_IN,139852.37,C297973366,2254698.63,2394551,C700873181,863866.58,724014.21,0,0,,
209,CASH_IN,45109.61,C1475542640,2394551,2439660.6,C99461781,452457.75,407348.15,0,0,,
209,CASH_IN,246541.53,C878662985,2439660.6,2686202.13,C1849076525,677243.78,430702.25,0,0,,
209,CASH_IN,9070.65,C855262235,2686202.13,2695272.78,C1535686985,2740550.53,2731479.88,0,0,,
209,CASH_IN,172589.92,C906962228,2695272.78,2867862.7,C188151823,371133.23,198543.32,0,0,,
209,CASH_IN,71690.34,C1993235707,2867862.7,2939553.04,C1713221607,216793.96,145103.63,0,0,,
209,CASH_IN,26633.17,C955624054,2939553.04,2966186.2,C1263823131,1257322.05,1230688.88,0,0,,
209,CASH_IN,212241.65,C1481632751,2966186.2,3178427.86,C159461032,1110839.6,898597.95,0,0,,
209,CASH_IN,454475.01,C388383575,3178427.86,3632902.87,C427609630,1451444.58,996969.57,0,0,,
209,CASH_IN,67976.65,C327937228,3632902.87,3700879.52,C1799214749,363966.95,295990.3,0,0,,
209,CASH_IN,90720.8,C351158893,89420,180140.8,C1457959119,2152222.35,2061501.55,0,0,,
209,CASH_IN,191507.43,C1881580054,3555,195062.43,C1792699293,6074199.9,5882692.47,0,0,,
209,CASH_IN,14661.51,C125613070,2005,16666.51,C1694857972,11109.77,0,0,0,,
209,CASH_IN,292626.03,C390572845,77442,370068.03,C1368340949,196066.28,0,0,0,,
209,CASH_IN,290753.44,C1246311944,72822,363575.44,C1865950627,54237.13,0,0,0,,
209,CASH_IN,86064.12,C966145874,614,86678.12,C417920165,0,0,0,0,,
209,CASH_IN,20950.83,C1465718567,15362,36312.83,C522568990,540826.08,519875.25,0,0,,
209,CASH_IN,97297.18,C1622020247,20413,117710.18,C571942943,7188508,7091210.82,0,0,,
209,CASH_IN,583384.68,C470970075,32751.86,616136.53,C189021232,2278763.05,1695378.37,0,0,,
209,CASH_IN,240384.59,C1305817878,616136.53,856521.12,C656788141,862398.61,622014.02,0,0,,
209,CASH_IN,224043.14,C2098595518,856521.12,1080564.26,C2146560299,7225078.27,7001035.13,0,0,,
209,CASH_IN,303164.82,C157548209,1080564.26,1383729.08,C813411743,6713936.61,6410771.8,0,0,,
209,CASH_IN,154223.64,C101203440,1383729.08,1537952.72,C1626800816,3529849.39,3375625.75,0,0,,
209,CASH_IN,53863.51,C1654776740,1537952.72,1591816.22,C1878194739,100286,46422.49,0,0,,
209,CASH_IN,73775.04,C793721528,1591816.22,1665591.26,C44041664,4748992.97,4675217.93,0,0,,
209,CASH_IN,272677.76,C961531798,1665591.26,1938269.02,C1805857292,340158.85,67481.1,0,0,,
209,CASH_IN,39737.98,C2121241330,1938269.02,1978007,C1949256986,364675.04,324937.06,0,0,,
209,CASH_IN,444683.79,C331280984,1978007,2422690.79,C1162025749,1111364.52,666680.74,0,0,,
209,CASH_IN,137406.63,C1173520493,2422690.79,2560097.42,C1998156424,442140.48,304733.85,0,0,,
209,CASH_IN,102471.36,C42386490,2560097.42,2662568.78,C2062467869,519456.13,416984.77,0,0,,
209,CASH_IN,382323.58,C16531098,2662568.78,3044892.36,C1783644979,501144.69,118821.11,0,0,,
209,CASH_IN,564835.94,C1689530607,3044892.36,3609728.3,C2054238409,849502.7,284666.75,0,0,,
209,CASH_IN,113623.1,C898905596,3609728.3,3723351.41,C833945217,423480.98,309857.88,0,0,,
209,CASH_IN,341508.65,C17268832,3723351.41,4064860.06,C511832444,367013.38,25504.73,0,0,,
209,CASH_IN,173592,C1617847860,4064860.06,4238452.06,C1957403393,1720542.4,1546950.4,0,0,,
209,CASH_IN,114918.02,C622334366,4238452.06,4353370.08,C339223056,747951.35,633033.34,0,0,,
209,CASH_IN,131735.22,C834140948,4353370.08,4485105.3,C1702318748,2907451,2775715.79,0,0,,
209,CASH_IN,85708.07,C210659778,4485105.3,4570813.37,C1817526721,1327440,1241731.93,0,0,,
209,CASH_IN,14097.57,C532865441,4570813.37,4584910.94,C932736431,5361948.04,5347850.47,0,0,,
209,CASH_IN,96741.29,C2058585894,4584910.94,4681652.23,C1460735297,12093569.81,11996828.52,0,0,,
209,CASH_IN,139359.9,C1959967807,4681652.23,4821012.13,C1139638003,387572,248212.1,0,0,,
209,CASH_IN,63329.2,C200084254,4821012.13,4884341.33,C88000166,2664865.52,2601536.32,0,0,,
209,CASH_IN,184625.92,C61488171,4884341.33,5068967.25,C1994473437,421473.78,236847.86,0,0,,
209,CASH_IN,20633.9,C1707475407,5068967.25,5089601.15,C1871742999,25417,4783.1,0,0,,
209,CASH_IN,223184.73,C68446732,5089601.15,5312785.88,C399188501,5078740.32,4855555.6,0,0,,
209,CASH_IN,95441.37,C1732387947,5312785.88,5408227.24,C1006392546,125654.14,30212.77,0,0,,
209,CASH_IN,263356.87,C895162316,5408227.24,5671584.11,C1922516546,11345760.17,11082403.3,0,0,,
209,CASH_IN,279430.77,C1615245521,5671584.11,5951014.88,C1641653528,614228.26,334797.49,0,0,,
209,CASH_IN,187437.57,C1202057951,5951014.88,6138452.45,C852109856,424789.85,370466.56,0,0,,
209,CASH_IN,177303.48,C825423676,6138452.45,6315755.93,C571684176,263058.71,85755.22,0,0,,
209,CASH_IN,5506.64,C1555719073,6315755.93,6321262.57,C1019350585,135928.41,130421.77,0,0,,
209,CASH_IN,50763.34,C154112223,6321262.57,6372025.92,C1401607580,524453.35,473690.01,0,0,,
209,CASH_IN,21798.55,C1643423791,6372025.92,6393824.47,C1344958371,13480071.11,13458272.56,0,0,,
209,CASH_IN,107911.74,C1205413946,6393824.47,6501736.2,C1913274981,3677050.44,3569138.7,0,0,,
209,CASH_IN,2325.26,C1223814155,6501736.2,6504061.46,C1540927469,260083.79,257758.53,0,0,,
209,CASH_IN,86167.09,C1026372770,6504061.46,6590228.55,C130542422,483450,397282.9,0,0,,
209,CASH_IN,134700.87,C2044479224,6590228.55,6724929.42,C1698707072,4384538.95,4249838.08,0,0,,
209,CASH_IN,159959.6,C2009741569,6724929.42,6884889.02,C1512509564,2327450.72,2167491.12,0,0,,
209,CASH_IN,90158.05,C807146055,6884889.02,6975047.07,C143415982,1868654.54,1778496.49,0,0,,
209,CASH_IN,310930.09,C1681963202,6975047.07,7285977.17,C179294295,2670875.88,2359945.79,0,0,,
209,CASH_IN,57505,C2142292276,7285977.17,7343482.17,C1678078330,638837.66,581332.66,0,0,,
209,CASH_IN,219899.91,C1502930418,7343482.17,7563382.08,C1873863510,921393.64,701493.73,0,0,,
209,CASH_IN,238327.14,C164256429,7563382.08,7801709.22,C870385951,600681.6,362354.46,0,0,,
209,CASH_IN,121756.75,C1756198398,7801709.22,7923465.97,C1503836192,387806.94,266050.19,0,0,,
209,CASH_IN,226883.74,C288225462,7923465.97,8150349.71,C704212601,695108.28,468224.54,0,0,,
209,CASH_IN,80830.84,C1877484564,8150349.71,8231180.55,C1992387688,5712245.63,5631414.79,0,0,,
209,CASH_IN,420824.69,C883692662,8231180.55,8652005.25,C1496835656,723363.06,302538.36,0,0,,
209,CASH_IN,22415.04,C925730200,8652005.25,8674420.29,C443161077,154082.93,131667.89,0,0,,
209,CASH_IN,57221.34,C1228612483,8674420.29,8731641.62,C860938643,263959.31,206737.97,0,0,,
209,CASH_IN,198219.05,C1734178356,8731641.62,8929860.68,C314851195,527107.09,328888.04,0,0,,
209,CASH_IN,271712.81,C864473357,8929860.68,9201573.49,C1631890403,952680.29,680967.48,0,0,,
209,CASH_IN,91961.32,C1759282080,28761,120722.32,C63224038,0,0,0,0,,
209,CASH_IN,23194.79,C838930070,69846,93040.79,C1539715952,25714.38,2519.59,0,0,,
209,CASH_IN,255129.08,C74940904,21719,276848.08,C1027184193,474.94,0,0,0,,
209,CASH_IN,107440.42,C864140334,40037,147477.42,C1109004081,0,0,0,0,,
209,CASH_IN,182468.08,C425211384,705440,887908.08,C339651914,691393.24,508925.16,0,0,,
209,CASH_IN,174254.53,C1474202989,45614,219868.53,C710244528,16475.5,0,0,0,,
209,CASH_IN,49743.94,C1931606228,41872,91615.94,C1743100769,0,0,0,0,,
209,CASH_IN,160465.28,C73836048,58613,219078.28,C1360806048,187964.55,27499.26,0,0,,
209,CASH_IN,279584.41,C625990120,42721,322305.41,C1238715629,4940707.51,4661123.09,0,0,,
209,CASH_IN,229202.57,C888636887,11239,240441.57,C1306411966,0,0,0,0,,
209,CASH_IN,67423.45,C1572464673,90760,158183.45,C1878742736,2505550.12,2438126.68,0,0,,
209,CASH_IN,2677.59,C999349596,49842,52519.59,C348224460,50956,0,0,0,,
209,CASH_IN,310161.41,C1912847460,95592,405753.41,C453017027,244274.51,0,0,0,,
209,CASH_IN,271441.22,C7111268,92696,364137.22,C259763862,417481.98,146040.76,0,0,,
209,CASH_IN,178140.38,C1708911688,16321,194461.38,C1927222508,90607.53,0,0,0,,
209,CASH_IN,47779.74,C29375797,20514,68293.74,C1647694754,592917.02,545137.28,0,0,,
209,CASH_IN,363665.81,C651032695,10151,373816.81,C977580912,0,0,0,0,,
209,CASH_IN,105115.39,C1038122209,14483,119598.39,C1905758660,84234.09,0,0,0,,
209,CASH_IN,99765.3,C1056804493,24424,124189.3,C512698133,196097.88,96332.57,0,0,,
209,CASH_IN,150898.37,C546189649,45558,196456.37,C188203281,0,0,0,0,,
209,CASH_IN,93872.36,C1107803417,62270,156142.36,C1902484158,858890.31,765017.95,0,0,,
209,CASH_IN,234266.29,C1366944750,42054,276320.29,C1910050716,113438.67,0,0,0,,
209,CASH_IN,63673.45,C2124721476,18715,82388.45,C1258000162,261042.14,197368.69,0,0,,
209,CASH_IN,62111.25,C261012983,35884,97995.25,C1286560119,426663.96,364552.71,0,0,,
209,CASH_IN,133846.79,C1520429882,18042,151888.79,C1851006288,0,0,0,0,,
209,CASH_IN,132272.14,C2006507378,48278.41,180550.55,C1769703619,4129853.18,3997581.04,0,0,,
209,CASH_IN,180203.97,C1986160808,675,180878.97,C616998001,3148088.42,2967884.45,0,0,,
209,CASH_IN,134929.38,C1651061550,21363,156292.38,C1229753723,565798.14,430868.77,0,0,,
209,CASH_IN,53297.79,C1328261794,106459,159756.79,C274301292,102199.03,48901.24,0,0,,
209,CASH_IN,70786.87,C1157261476,5176,75962.87,C1084628178,204328.37,133541.5,0,0,,
209,CASH_IN,99182.48,C4923052,972,100154.48,C2136143215,527243.67,428061.19,0,0,,
209,CASH_IN,375172.36,C220170159,16835,392007.36,C860006611,18987.71,0,0,0,,
209,CASH_IN,235881.88,C1369640682,253958,489839.88,C744348680,0,0,0,0,,
209,CASH_IN,146782.55,C867623705,31413,178195.55,C1596407682,687243.26,540460.72,0,0,,
209,CASH_IN,162927.35,C1004224431,38086,201013.35,C571372836,0,0,0,0,,
209,CASH_IN,68281.83,C1556255663,3516,71797.83,C1376438319,270067.74,201785.91,0,0,,
209,CASH_IN,242116.23,C910990492,40734,282850.23,C169997937,50830.92,0,0,0,,
209,CASH_IN,246049.93,C1798009583,20417,266466.93,C1041872744,4005287.14,3759237.22,0,0,,
209,CASH_IN,94478.71,C1770882030,10768,105246.71,C1773739695,276143.82,181665.11,0,0,,
209,CASH_IN,56196.57,C434648382,5055,61251.57,C653079010,304407.06,248210.49,0,0,,
209,CASH_IN,364109.73,C699486244,347903,712012.73,C1378763346,6509961.25,6145851.52,0,0,,
209,CASH_IN,101483.9,C163605439,52173,153656.9,C928818804,301519.66,200035.76,0,0,,
209,CASH_IN,251693.44,C1256587373,353026,604719.44,C133921520,0,0,0,0,,
209,CASH_IN,132716.88,C33855934,329859.55,462576.42,C235331877,144921.39,12204.51,0,0,,
209,CASH_IN,102492.26,C476604396,462576.42,565068.69,C2126903159,2188627.92,2086135.66,0,0,,
209,CASH_IN,102319.26,C482421474,565068.69,667387.95,C1236502095,493580.15,391260.89,0,0,,
209,CASH_IN,115886.68,C745308935,667387.95,783274.63,C1631784857,829919.27,714032.59,0,0,,
209,CASH_IN,293260.95,C167978589,783274.63,1076535.58,C346193245,384832.95,91572.01,0,0,,
209,CASH_IN,68730.21,C1426810870,1076535.58,1145265.79,C1352797688,499593.26,430863.05,0,0,,
209,CASH_IN,465801.83,C1082708367,1145265.79,1611067.62,C1204474857,12047391.51,11581589.69,0,0,,
209,CASH_IN,162571.04,C146015778,1611067.62,1773638.65,C61330035,778733.48,616162.45,0,0,,
209,CASH_IN,439746.05,C454486183,1773638.65,2213384.71,C1188887246,1034211.52,594465.47,0,0,,
209,CASH_IN,62224.09,C363596004,2213384.71,2275608.8,C232587065,312493.34,250269.25,0,0,,
209,CASH_IN,72784.01,C246556789,15095,87879.01,C50237042,0,0,0,0,,
209,CASH_IN,159586.06,C1817593314,76329,235915.06,C1958805203,0,0,0,0,,
209,CASH_IN,44499.19,C2022738895,185672,230171.19,C932415692,88970.93,44471.75,0,0,,
209,CASH_IN,413733.41,C864469188,10554,424287.41,C579647295,0,0,0,0,,
209,CASH_IN,171637.23,C1633346507,49987,221624.23,C305135708,414533.61,242896.38,0,0,,
209,CASH_IN,268880.81,C2023472908,108654,377534.81,C799256588,14438.22,0,0,0,,
209,CASH_IN,267268.14,C866818573,99227,366495.14,C751470914,528364.25,261096.11,0,0,,
209,CASH_IN,469389.69,C1977297215,227589,696978.69,C987857637,0,0,0,0,,
209,CASH_IN,366176.84,C1594119077,2043,368219.84,C660699479,0,0,0,0,,
209,CASH_IN,33344.41,C2143832778,19930,53274.41,C1622926106,7037090.5,7003746.08,0,0,,
209,CASH_IN,277362.43,C1634156267,193303,470665.43,C1958931937,690380.16,413017.74,0,0,,
209,CASH_IN,89124.02,C458498234,55904,145028.02,C903364774,189138.3,100014.28,0,0,,
209,CASH_IN,210624.34,C1838767854,29825,240449.34,C710039762,214233.46,3609.11,0,0,,
209,CASH_IN,26048.25,C335332254,45196,71244.25,C264213188,200375.11,174326.86,0,0,,
209,CASH_IN,300186.79,C531827712,640881,941067.79,C1478629633,196597.91,0,0,0,,
209,CASH_IN,74669.66,C633287864,528,75197.66,C822926660,0,0,0,0,,
209,CASH_IN,296160.01,C20301824,102075,398235.01,C1954150115,5385130.98,5088970.97,0,0,,
209,CASH_IN,196525.31,C1060763410,22639,219164.31,C782540159,0,0,0,0,,
209,CASH_IN,350974.72,C1763481628,332,351306.72,C538383994,51377.64,0,0,0,,
209,CASH_IN,38912.09,C813174612,105743,144655.09,C1071654645,197944.45,159032.36,0,0,,
209,CASH_IN,227919.13,C1185236911,460,228379.13,C127110828,528650.63,300731.5,0,0,,
209,CASH_IN,72061.2,C1553506621,23341,95402.2,C318105597,4621006.82,4548945.63,0,0,,
209,CASH_IN,88122.33,C2088905024,20470,108592.33,C302990201,1590574.9,1502452.57,0,0,,
209,CASH_IN,96621.58,C576041524,55408,152029.58,C405125271,1217802.73,1121181.16,0,0,,
209,CASH_IN,129176.95,C787561687,55364,184540.95,C1275238718,0,0,0,0,,
209,CASH_IN,145638.39,C300616963,42924,188562.39,C1920503234,84030.48,0,0,0,,
209,CASH_IN,135073.45,C2091265953,34847,169920.45,C1430574684,24637.65,0,0,0,,
209,CASH_IN,220164.08,C294084464,41247,261411.08,C330725726,1250127.08,1029963,0,0,,
209,CASH_IN,47101.46,C1964657027,220924.34,268025.81,C1253466169,278679.3,231577.84,0,0,,
209,CASH_IN,173267.14,C321900430,268025.81,441292.95,C2120735969,243225.6,69958.46,0,0,,
209,CASH_IN,207511.76,C2102263627,441292.95,648804.71,C1379275477,500787.36,293275.6,0,0,,
209,CASH_IN,166063.72,C929235785,648804.71,814868.43,C665492840,663556.72,497493,0,0,,
209,CASH_IN,139863.09,C278008439,814868.43,954731.52,C1396080458,368450.93,228587.84,0,0,,
209,CASH_IN,288810.26,C2100100180,954731.52,1243541.78,C1503188005,479120.32,190310.06,0,0,,
209,CASH_IN,337838.48,C1871311645,1243541.78,1581380.26,C465372778,1233731.97,895893.49,0,0,,
209,CASH_IN,108917.93,C1080024302,1581380.26,1690298.2,C306785064,131602.08,22684.15,0,0,,
209,CASH_IN,254538.83,C1088323384,1690298.2,1944837.03,C820681036,1287097.83,1032559,0,0,,
209,CASH_IN,216969.88,C1519056171,1944837.03,2161806.91,C957200676,540905.93,323936.05,0,0,,
209,CASH_IN,469460.32,C2050749564,2161806.91,2631267.23,C1743304222,8145583.54,7676123.22,0,0,,
209,CASH_IN,225298.65,C1144913785,2631267.23,2856565.88,C1784137006,497060.46,271761.81,0,0,,
209,CASH_IN,156071.18,C1999204217,2856565.88,3012637.06,C1563183774,605666.73,449595.55,0,0,,
209,CASH_IN,42107.49,C2047340314,3012637.06,3054744.55,C1271544235,3090002.87,3047895.38,0,0,,
209,CASH_IN,329641.37,C1606052914,3054744.55,3384385.92,C1078511902,1391518.8,1061877.43,0,0,,
209,CASH_IN,1434.76,C1960285835,3384385.92,3385820.68,C2118359457,270528.32,269093.56,0,0,,
209,CASH_IN,128664.4,C1220115919,3385820.68,3514485.08,C162706144,1226064.97,1097400.57,0,0,,
209,CASH_IN,181584.55,C226698493,3514485.08,3696069.63,C860924403,469304.45,287719.9,0,0,,
209,CASH_IN,79563.98,C30675587,3696069.63,3775633.61,C1657550819,367126.82,287562.85,0,0,,
209,CASH_IN,256598.02,C1241497596,3775633.61,4032231.63,C713938670,901440.87,644842.85,0,0,,
209,CASH_IN,23782.74,C1252779017,4032231.63,4056014.37,C652611413,978724.84,954942.11,0,0,,
209,CASH_IN,325229.55,C1587250541,4056014.37,4381243.92,C408401384,11483453.57,11158224.02,0,0,,
209,CASH_IN,437047.57,C2138756151,4381243.92,4818291.49,C1201332266,1372754.01,935706.44,0,0,,
209,CASH_IN,90623.46,C1271825531,4818291.49,4908914.96,C418255060,259406.73,168783.27,0,0,,
209,CASH_IN,305683.05,C1582348967,4908914.96,5214598.01,C492393468,1600348.81,1294665.75,0,0,,
209,CASH_IN,583724.34,C1558379757,5214598.01,5798322.35,C166122546,4513798.33,3930073.99,0,0,,
209,CASH_IN,200740.3,C1972391978,5798322.35,5999062.66,C1423798530,993581.76,792841.45,0,0,,
209,CASH_IN,195900.07,C1254289343,5999062.66,6194962.72,C2001673166,957935,762034.93,0,0,,
209,CASH_IN,236067.29,C287109570,6194962.72,6431030.01,C516806694,845803.23,609735.93,0,0,,
209,CASH_IN,231272.05,C1523741336,6431030.01,6662302.06,C1060666788,231616.75,344.7,0,0,,
209,CASH_IN,299359.1,C758409448,6662302.06,6961661.17,C1906198392,1399915.26,1100556.15,0,0,,
209,CASH_IN,256747.08,C1884739046,6961661.17,7218408.25,C1057667311,386155.01,129407.92,0,0,,
209,CASH_IN,549979.03,C112371919,7218408.25,7768387.28,C1678118603,1279382.61,729403.58,0,0,,
209,CASH_IN,275765.63,C1329421363,7768387.28,8044152.91,C491835973,303994.77,28229.14,0,0,,
209,CASH_IN,104579.88,C1094721044,8044152.91,8148732.79,C102497039,402962.75,298382.87,0,0,,
209,CASH_IN,103925.23,C125770303,8148732.79,8252658.02,C638830660,1949865.27,1845940.04,0,0,,
209,CASH_IN,215869.97,C337133263,8252658.02,8468527.99,C91865419,1278788.62,1062918.64,0,0,,
209,CASH_IN,152739.63,C836842683,8468527.99,8621267.63,C123710345,370800.66,218061.03,0,0,,
209,CASH_IN,17343.84,C1888496685,8621267.63,8638611.47,C63831157,1300612.84,1283268.99,0,0,,
209,CASH_IN,232929.86,C264335074,8638611.47,8871541.33,C768255040,4283558.75,4050628.89,0,0,,
209,CASH_IN,74147.32,C1518000019,8871541.33,8945688.65,C936796036,964677.95,890530.63,0,0,,
209,CASH_IN,141711.54,C1652974731,8945688.65,9087400.19,C75960013,1387316.36,1245604.82,0,0,,
209,CASH_IN,139774.97,C327605682,9087400.19,9227175.16,C1818824163,840434.23,700659.26,0,0,,
209,CASH_IN,36922.63,C397674334,9227175.16,9264097.78,C1918131030,360864.2,323941.57,0,0,,
209,CASH_IN,47314.96,C461278324,9264097.78,9311412.74,C1201806334,1515038.45,1467723.49,0,0,,
209,CASH_IN,224413.45,C357209920,32735,257148.45,C1948555729,66264.62,0,0,0,,
209,CASH_IN,137501.34,C154487695,24526,162027.34,C1084159021,70801.17,0,0,0,,
209,CASH_IN,115351.73,C416142968,50979,166330.73,C1664952213,227929.41,112577.68,0,0,,
209,CASH_IN,159275.44,C1966694918,19887,179162.44,C2055952182,592770.83,433495.39,0,0,,
209,CASH_IN,334458.15,C1376891234,32009,366467.15,C93330169,4082040.7,3747582.55,0,0,,
209,CASH_IN,140192.34,C625963103,174134,314326.34,C503776408,0,0,0,0,,
209,CASH_IN,224529.48,C1132599622,302495,527024.48,C1563819212,2027028.77,1802499.29,0,0,,
209,CASH_IN,271639.83,C202585623,914172,1185811.83,C1321600242,1453170.85,1181531.02,0,0,,
209,CASH_IN,278228.91,C544643206,4138,282366.91,C1132257227,849639.07,571410.17,0,0,,
209,CASH_IN,75931.4,C867706004,5157,81088.4,C123464546,0,0,0,0,,
209,CASH_IN,361809.89,C1063035820,30765,392574.89,C668792893,435293.72,73483.82,0,0,,
209,CASH_IN,243551.17,C1159092059,170744,414295.17,C681107717,1187450.22,943899.05,0,0,,
209,CASH_IN,373341.36,C696551762,268,373609.36,C2102656542,0,0,0,0,,
209,CASH_IN,349166.37,C1684788632,5403,354569.37,C1557270455,484819.75,135653.38,0,0,,
209,CASH_IN,88516.32,C873728088,346749.03,435265.35,C1390001961,433717.37,345201.04,0,0,,
209,CASH_IN,28597.26,C684793745,435265.35,463862.62,C1268164964,1573955.91,1545358.65,0,0,,
209,CASH_IN,110362.03,C816747471,463862.62,574224.64,C2040656033,16694930.67,16584568.64,0,0,,
209,CASH_IN,146259.73,C1906024584,574224.64,720484.37,C2133741277,281932.57,135672.84,0,0,,
209,CASH_IN,150237.95,C1700339755,720484.37,870722.32,C1502064083,767790.71,617552.76,0,0,,
209,CASH_IN,109985.15,C1163171462,870722.32,980707.47,C324710101,1347622.3,1237637.15,0,0,,
209,CASH_IN,143738.98,C27280648,980707.47,1124446.45,C1821843441,441234.16,297495.19,0,0,,
209,CASH_IN,90474.6,C1578421347,79152,169626.6,C369038591,340507.38,250032.78,0,0,,
209,CASH_IN,255350.35,C236356445,117803,373153.35,C1018094825,1136359.37,881009.02,0,0,,
209,CASH_IN,277774.69,C135959739,154917.25,432691.93,C1226767186,134485.63,0,0,0,,
209,CASH_IN,227126.21,C1914609519,236437,463563.21,C1235487968,0,0,0,0,,
209,CASH_IN,61001,C1105780411,15890,76891,C1878299013,309463.55,248462.55,0,0,,
209,CASH_IN,58239.13,C88939192,14425,72664.13,C1375584430,0,0,0,0,,
209,CASH_IN,9186.14,C651267134,59888,69074.14,C1215112919,338875.66,329689.52,0,0,,
209,CASH_IN,42129.4,C2129779344,2939,45068.4,C1264924549,0,0,0,0,,
209,CASH_IN,124699.89,C1362996305,11136,135835.89,C391318560,289137.79,164437.9,0,0,,
209,CASH_IN,57438.9,C1331562925,80132,137570.9,C1061829797,0,0,0,0,,
209,CASH_IN,95761.76,C1786815900,284855.01,380616.77,C2000044878,5048408.71,4952646.95,0,0,,
209,CASH_IN,236340.65,C341578719,380616.77,616957.41,C1308973713,572657.93,336317.29,0,0,,
209,CASH_IN,54094.18,C910836713,616957.41,671051.59,C1351059039,1863774.77,1809680.59,0,0,,
209,CASH_IN,2449.28,C1827996656,671051.59,673500.87,C164257564,484730.3,482281.02,0,0,,
209,CASH_IN,216831.28,C53929911,673500.87,890332.15,C2002171552,518980,302148.73,0,0,,
209,CASH_IN,64580.29,C1996541669,890332.15,954912.44,C1043801489,786500.09,721919.8,0,0,,
209,CASH_IN,111998.8,C330403559,954912.44,1066911.24,C193483109,3022091.48,2910092.68,0,0,,
209,CASH_IN,39700.27,C1470096866,1066911.24,1106611.51,C1891835357,623342.97,583642.7,0,0,,
209,CASH_IN,164793.96,C1663085561,1106611.51,1271405.48,C1175583881,254552.95,89758.98,0,0,,
209,CASH_IN,700971.97,C312882846,1271405.48,1972377.45,C147689379,3469007.28,2768035.31,0,0,,
209,CASH_IN,323536,C234837147,1972377.45,2295913.44,C1527735841,2980116.68,2656580.69,0,0,,
209,CASH_IN,153073.56,C627511347,2295913.44,2448987,C8508148,187165.92,34092.36,0,0,,
209,CASH_IN,245585.02,C1132333061,2448987,2694572.02,C455709725,689214.84,443629.82,0,0,,
209,CASH_IN,97216.04,C1624233010,2694572.02,2791788.06,C291510224,2141191.11,2043975.07,0,0,,
209,CASH_IN,136559.62,C392372028,2791788.06,2928347.68,C1473985039,1057307.86,920748.24,0,0,,
209,CASH_IN,188424.96,C177763179,2928347.68,3116772.63,C974622094,5343122.95,5154697.99,0,0,,
209,CASH_IN,110792.11,C957705245,3116772.63,3227564.74,C637637212,626511.1,515718.99,0,0,,
209,CASH_IN,52130.33,C669339977,3227564.74,3279695.07,C271886997,131746.33,79616,0,0,,
209,CASH_IN,161605.55,C678441078,3279695.07,3441300.62,C949179415,994262.41,832656.87,0,0,,
209,CASH_IN,167060.87,C1639587128,3441300.62,3608361.48,C971869545,1549052.83,1381991.96,0,0,,
209,CASH_IN,226698.76,C1943924886,3608361.48,3835060.24,C511081438,809887.53,583188.77,0,0,,
209,CASH_IN,449753.82,C2126485693,3835060.24,4284814.06,C416402555,652265.64,202511.82,0,0,,
209,CASH_IN,78376.22,C1474688156,4284814.06,4363190.28,C1110623318,1551725.22,1473349,0,0,,
209,CASH_IN,227912.33,C1720152197,4363190.28,4591102.61,C1336804901,440072.8,212160.47,0,0,,
209,CASH_IN,84744.98,C2059560323,4591102.61,4675847.59,C1847262133,1905516.5,1820771.52,0,0,,
209,CASH_IN,488385.53,C2025480214,4675847.59,5164233.12,C955077175,719829.09,231443.56,0,0,,
209,CASH_IN,424947.43,C8600201,5164233.12,5589180.55,C379048791,3694435.72,3269488.29,0,0,,
209,CASH_IN,70883.98,C1574789444,5589180.55,5660064.53,C2037671173,132252.67,61368.68,0,0,,
209,CASH_IN,159819.01,C878377217,5660064.53,5819883.54,C840534489,2461438.34,2301619.33,0,0,,
209,CASH_IN,175085.75,C525047116,5819883.54,5994969.29,C1209312887,5278911.75,5103826,0,0,,
209,CASH_IN,24227.22,C101032798,5994969.29,6019196.52,C1923900519,137156.31,112929.09,0,0,,
209,CASH_IN,28266.27,C811869595,6019196.52,6047462.79,C2045926309,191056.48,162790.21,0,0,,
209,CASH_IN,244044.42,C1393901671,6047462.79,6291507.21,C1086170573,489436.69,245392.27,0,0,,
209,CASH_IN,44815.34,C272060092,6291507.21,6336322.55,C1083630553,2892271.51,2847456.17,0,0,,
209,CASH_IN,285970.74,C998441143,6336322.55,6622293.29,C1536299752,3502637.85,3216667.11,0,0,,
209,CASH_IN,227189.81,C718971553,6622293.29,6849483.1,C89870321,230886.71,3696.9,0,0,,
209,CASH_IN,127858.56,C1404426725,6849483.1,6977341.66,C1214753999,1790156.53,1662297.97,0,0,,
209,CASH_IN,69026.7,C2036150145,6977341.66,7046368.36,C685793696,1099306.28,1030279.58,0,0,,
209,CASH_IN,264558.83,C1517821605,7046368.36,7310927.19,C16254665,939259.23,674700.4,0,0,,
209,CASH_IN,73728.28,C633888993,7310927.19,7384655.47,C1277253449,95096.06,21367.78,0,0,,
209,CASH_IN,188587.65,C1490026316,7384655.47,7573243.12,C1852356826,333461.42,144873.77,0,0,,
209,CASH_IN,164982.37,C1216275187,7573243.12,7738225.48,C1610267199,1795533.36,1630550.99,0,0,,
209,CASH_IN,6919.8,C1391022191,7738225.48,7745145.28,C1983458629,61834.13,54914.33,0,0,,
209,CASH_IN,163663.1,C885063099,7745145.28,7908808.38,C1955812570,633872.49,470209.38,0,0,,
209,CASH_IN,202345.28,C324157936,7908808.38,8111153.66,C693679247,282188.24,79842.96,0,0,,
209,CASH_IN,111761.67,C746868755,8111153.66,8222915.33,C1839449167,348542.01,236780.35,0,0,,
209,CASH_IN,233600.19,C888539076,8222915.33,8456515.52,C740074811,500602.55,267002.36,0,0,,
209,CASH_IN,365464.83,C124262852,8456515.52,8821980.35,C2049748146,18165609.86,17800145.02,0,0,,
209,CASH_IN,63833.69,C112493848,8821980.35,8885814.04,C1254915965,211462.16,147628.47,0,0,,
209,CASH_IN,113637.29,C138303765,8885814.04,8999451.33,C1907265620,366731.44,253094.15,0,0,,
209,CASH_IN,21114.75,C217233393,8999451.33,9020566.08,C1996075195,318191.61,297076.87,0,0,,
209,CASH_IN,107374.96,C1259547026,9020566.08,9127941.04,C1854117293,9040544.91,8933169.96,0,0,,
209,CASH_IN,22188.24,C1773009325,9127941.04,9150129.28,C469778398,146688.48,124500.24,0,0,,
209,CASH_IN,48096.27,C329380732,9150129.28,9198225.55,C1460868038,740739.83,692643.56,0,0,,
209,CASH_IN,164603.4,C175477702,9198225.55,9362828.95,C1301680959,1395232.4,1230629,0,0,,
209,CASH_IN,64318.22,C1492677795,9362828.95,9427147.17,C818239286,477261.72,412943.5,0,0,,
209,CASH_IN,291698.12,C1587453568,9427147.17,9718845.29,C1337416387,5523593,5231894.87,0,0,,
209,CASH_IN,77573.78,C1111010364,9718845.29,9796419.07,C525828867,2999108.15,2921534.37,0,0,,
209,CASH_IN,681.32,C1685449758,9796419.07,9797100.39,C1693599233,1727396.6,1726715.28,0,0,,
209,CASH_IN,173187.96,C2134098271,9797100.39,9970288.34,C1463118148,1110521.12,937333.16,0,0,,
209,CASH_IN,30846.65,C1433610919,9970288.34,10001134.99,C1898533269,500628.46,469781.81,0,0,,
209,CASH_IN,259998.59,C1387079033,10001134.99,10261133.59,C1699779828,261322.47,1323.88,0,0,,
209,CASH_IN,25833.35,C435365422,10261133.59,10286966.93,C1166873876,133046.17,107212.82,0,0,,
209,CASH_IN,27680.17,C2024482166,10286966.93,10314647.1,C808676515,1071822.78,1044142.61,0,0,,
209,CASH_IN,58159.63,C885071574,10314647.1,10372806.74,C604967576,1859928.6,1801768.96,0,0,,
209,CASH_IN,155151.78,C259814362,10372806.74,10527958.51,C923591914,1174831.91,1019680.14,0,0,,
209,CASH_IN,363707.81,C255780429,10527958.51,10891666.32,C972990988,613658.85,249951.04,0,0,,
209,CASH_IN,10748.13,C782230089,10891666.32,10902414.45,C389616021,3135469.88,3124721.74,0,0,,
209,CASH_IN,197076.36,C311717602,10902414.45,11099490.81,C1343697255,2422380.95,2225304.6,0,0,,
209,CASH_IN,259417.37,C2124037577,11099490.81,11358908.18,C639840027,4774843.34,4515425.97,0,0,,
209,CASH_IN,439820.7,C116306137,11358908.18,11798728.88,C1646040758,914065.12,474244.42,0,0,,
209,CASH_IN,268746.93,C1462933479,11798728.88,12067475.81,C1828989873,1030523.49,761776.56,0,0,,
209,CASH_IN,56491.53,C1725956253,12067475.81,12123967.33,C979988192,3128177.02,3071685.49,0,0,,
209,CASH_IN,326919.99,C1228606973,12123967.33,12450887.32,C17386749,720980.35,394060.36,0,0,,
209,CASH_IN,38202,C975176827,12450887.32,12489089.32,C369396094,544686.09,506484.09,0,0,,
209,CASH_IN,225405.06,C2037264759,12489089.32,12714494.39,C788069229,2527830.31,2302425.25,0,0,,
209,CASH_IN,4120.64,C535573039,12714494.39,12718615.03,C968190034,16269.09,12148.44,0,0,,
209,CASH_IN,132932.38,C245989578,12718615.03,12851547.42,C508552884,629734.31,496801.93,0,0,,
209,CASH_IN,484388.43,C873488056,12851547.42,13335935.85,C1270252986,485762.15,1373.72,0,0,,
209,CASH_IN,7421.5,C1023222980,13335935.85,13343357.34,C1614666905,217942.95,210521.45,0,0,,
209,CASH_IN,300428.54,C1123943486,13343357.34,13643785.88,C552826258,505513.21,205084.67,0,0,,
209,CASH_IN,60176.79,C1270651,13643785.88,13703962.67,C183036479,10472721.04,10412544.25,0,0,,
209,CASH_IN,328022.29,C918554719,13703962.67,14031984.96,C179590911,528962.61,200940.32,0,0,,
209,CASH_IN,104875.44,C1666105671,14031984.96,14136860.4,C270835942,125738.47,20863.03,0,0,,
209,CASH_IN,136926.75,C1369700068,14136860.4,14273787.15,C906336798,2854734.7,2717807.95,0,0,,
209,CASH_IN,101279.68,C1253072656,14273787.15,14375066.84,C603799927,466694,365414.32,0,0,,
209,CASH_IN,85679.32,C2089039081,14375066.84,14460746.15,C838939717,151791.74,66112.42,0,0,,
209,CASH_IN,406846.08,C1767212743,14460746.15,14867592.23,C1626696181,2354696.51,1947850.43,0,0,,
209,CASH_IN,61184.5,C663706079,14867592.23,14928776.73,C5173394,364833.21,303648.72,0,0,,
209,CASH_IN,20088.07,C1871694561,14928776.73,14948864.8,C1246817775,673373.68,653285.62,0,0,,
209,CASH_IN,177119.2,C854694021,14948864.8,15125983.99,C283971139,5944750.38,5767631.19,0,0,,
209,CASH_IN,26142.13,C2010596258,15125983.99,15152126.13,C309310510,320656.92,294514.79,0,0,,
209,CASH_IN,81542.35,C717991206,15152126.13,15233668.48,C1650264724,2074974.76,1993432.42,0,0,,
209,CASH_IN,79714.9,C990032476,15233668.48,15313383.38,C1055150463,165086.67,85371.77,0,0,,
209,CASH_IN,137521.17,C92876809,15313383.38,15450904.55,C675123148,2544860.36,2407339.19,0,0,,
209,CASH_IN,277208.08,C1217313097,15450904.55,15728112.63,C854121925,1011570.14,734362.06,0,0,,
209,CASH_IN,77963.57,C1062965219,15728112.63,15806076.2,C1276892569,11880961.97,11802998.4,0,0,,
209,CASH_IN,133389,C300239366,15806076.2,15939465.2,C1787593247,994129.56,860740.56,0,0,,
209,CASH_IN,307042.39,C1562392907,15939465.2,16246507.59,C511618142,2811545.18,2504502.79,0,0,,
209,CASH_IN,41353.16,C1616484183,16246507.59,16287860.75,C1424012036,43058.73,1705.57,0,0,,
209,CASH_IN,56048.22,C60700712,16287860.75,16343908.97,C1063103672,1287909.81,1231861.6,0,0,,
209,CASH_IN,20046.35,C940635943,16343908.97,16363955.32,C1863165332,1633076.45,1613030.1,0,0,,
209,CASH_IN,590471.04,C1680243471,16363955.32,16954426.36,C1948838736,4057288.23,3466817.19,0,0,,
209,CASH_IN,80136.23,C1223273459,16954426.36,17034562.59,C649972979,343304.66,263168.42,0,0,,
209,CASH_IN,14814.91,C977573310,17034562.59,17049377.5,C334614931,297364.64,282549.73,0,0,,
209,CASH_IN,69894.28,C89322526,17049377.5,17119271.78,C1643758648,234190.27,164295.99,0,0,,
209,CASH_IN,279305.79,C1383799224,17119271.78,17398577.57,C386496298,941013.5,661707.71,0,0,,
209,CASH_IN,131419.74,C1464374839,17398577.57,17529997.32,C1805334137,187014.17,55594.42,0,0,,
209,CASH_IN,106725.93,C1237254149,17529997.32,17636723.25,C958894129,132209.96,25484.02,0,0,,
209,CASH_IN,54334.65,C1533013800,17636723.25,17691057.9,C1856382195,302761.04,248426.39,0,0,,
209,CASH_IN,33847.68,C1365482274,17691057.9,17724905.58,C866741485,2783767.64,2749919.96,0,0,,
209,CASH_IN,43260.4,C1107904023,17724905.58,17768165.98,C1172353940,7041801.9,6998541.5,0,0,,
209,CASH_IN,395609.92,C1938278779,17768165.98,18163775.9,C1809373351,4765891.18,4370281.26,0,0,,
209,CASH_IN,217085.19,C1468358284,18163775.9,18380861.09,C1239719368,2751262.09,2534176.9,0,0,,
209,CASH_IN,245178.21,C443708885,18380861.09,18626039.31,C2050706653,1088824.79,843646.58,0,0,,
209,CASH_IN,434420.57,C314810738,18626039.31,19060459.88,C859294984,570617.34,136196.77,0,0,,
209,CASH_IN,329162.46,C1606581824,19060459.88,19389622.33,C2040195203,2179907.25,1850744.8,0,0,,
209,CASH_IN,16016.23,C575547914,19389622.33,19405638.57,C206575368,266108.13,250091.89,0,0,,
209,CASH_IN,88549.59,C731590475,19405638.57,19494188.16,C339396676,273359.99,184810.4,0,0,,
209,CASH_IN,122866.06,C610063227,19494188.16,19617054.22,C602402217,34770405.01,34647538.95,0,0,,
209,CASH_IN,32120.55,C1755355598,19617054.22,19649174.76,C1450817129,146897.05,114776.5,0,0,,
209,CASH_IN,61959.12,C1005445290,19649174.76,19711133.88,C1126771882,2225199.64,2163240.52,0,0,,
209,CASH_IN,272764.88,C1241407979,19711133.88,19983898.76,C418427225,726547.68,453782.8,0,0,,
209,CASH_IN,21963.02,C201041060,19983898.76,20005861.78,C361982822,496742.22,474779.2,0,0,,
209,CASH_IN,231280.13,C1735996156,20005861.78,20237141.91,C2097224214,481635.54,250355.41,0,0,,
209,CASH_IN,31463.47,C860186121,20237141.91,20268605.38,C2117902129,502711.82,471248.35,0,0,,
209,CASH_IN,233513.67,C151959731,20268605.38,20502119.05,C409414944,3130481.22,2896967.55,0,0,,
209,CASH_IN,29769.18,C1602675634,20502119.05,20531888.23,C920699101,458481.68,428712.5,0,0,,
209,CASH_IN,207574.67,C1908855916,20531888.23,20739462.9,C914901470,2435506.67,2227932.01,0,0,,
209,CASH_IN,151877.4,C1764462963,20739462.9,20891340.3,C1611815458,2481209.15,2329331.76,0,0,,
209,CASH_IN,136534.82,C362575813,20891340.3,21027875.12,C958866619,1038760.3,902225.48,0,0,,
209,CASH_IN,353436.12,C2104466871,21027875.12,21381311.24,C313403750,540374.56,186938.44,0,0,,
209,CASH_IN,354724.65,C986530754,21381311.24,21736035.89,C2094492322,973907.52,619182.87,0,0,,
209,CASH_IN,267153.37,C257490401,21736035.89,22003189.26,C1439856770,322424.34,55270.97,0,0,,
209,CASH_IN,386490.2,C2039255440,22003189.26,22389679.46,C937969895,573153.88,186663.67,0,0,,
209,CASH_IN,370924.9,C2014263603,22389679.46,22760604.36,C867005534,379716.87,8791.97,0,0,,
209,CASH_IN,130642.43,C671921827,22760604.36,22891246.78,C1865184037,226249.2,95606.78,0,0,,
209,CASH_IN,231528.56,C1626595766,22891246.78,23122775.34,C1153649975,5361784.58,5130256.02,0,0,,
209,CASH_IN,327161.33,C2112810025,23122775.34,23449936.67,C2041027518,1602586.22,1275424.89,0,0,,
209,CASH_IN,84400.3,C2083099654,23449936.67,23534336.97,C1731938645,1444379.49,1359979.2,0,0,,
209,CASH_IN,275861.89,C828218510,23534336.97,23810198.86,C523378182,418247.76,142385.87,0,0,,
209,CASH_IN,24538.76,C1323054402,23810198.86,23834737.62,C2033912078,139162.16,114623.4,0,0,,
209,CASH_IN,78144.93,C1155077908,23834737.62,23912882.55,C1484552659,1249254.13,1171109.2,0,0,,
209,CASH_IN,228415.86,C1960845869,23912882.55,24141298.41,C288639656,3895166.98,3666751.12,0,0,,
209,CASH_IN,25447.87,C696547795,24141298.41,24166746.27,C1315388105,146157.45,120709.59,0,0,,
209,CASH_IN,208621.45,C106774404,24166746.27,24375367.72,C968635619,976557.23,767935.78,0,0,,
209,CASH_IN,183843.8,C170977772,24375367.72,24559211.53,C1046498849,411681.1,227837.3,0,0,,
209,CASH_IN,144058.38,C2142524365,24559211.53,24703269.9,C1912119776,778934.03,634875.65,0,0,,
209,CASH_IN,40725.63,C1970599689,24703269.9,24743995.53,C1415885358,177238.12,136512.49,0,0,,
209,CASH_IN,180978.86,C440031036,24743995.53,24924974.39,C31622112,225752.63,44773.77,0,0,,
209,CASH_IN,1324.58,C399024670,24924974.39,24926298.97,C333643988,827119.91,825795.32,0,0,,
209,CASH_IN,118396.49,C1245683985,24926298.97,25044695.46,C936664876,9042606.66,8924210.17,0,0,,
209,CASH_IN,76525.93,C413260768,25044695.46,25121221.39,C1001085035,1970940.75,1894414.82,0,0,,
209,CASH_IN,47373.4,C1357573247,25121221.39,25168594.8,C1406293991,4540497.81,4493124.41,0,0,,
209,CASH_IN,289796.23,C48266286,25168594.8,25458391.03,C1014962518,992680.86,702884.63,0,0,,
209,CASH_IN,320558.22,C895509066,25458391.03,25778949.24,C2129436635,4529242.57,4208684.35,0,0,,
209,CASH_IN,187750.55,C587780573,25778949.24,25966699.8,C1756288319,1962917.53,1775166.98,0,0,,
209,CASH_IN,459948.25,C604395735,25966699.8,26426648.05,C1969723986,2264542.97,1804594.72,0,0,,
209,CASH_IN,558661.58,C621171061,26426648.05,26985309.63,C1782580546,1222699.05,664037.46,0,0,,
209,CASH_IN,326953.07,C1266717077,7025,333978.07,C378041664,4157510.21,3830557.13,0,0,,
209,CASH_IN,147490.71,C41408911,89112,236602.71,C763410104,664963.62,517472.91,0,0,,
209,CASH_IN,346861.62,C1221526046,1042,347903.62,C427197863,972807.49,625945.88,0,0,,
209,CASH_IN,92456.21,C348598139,12533,104989.21,C1918575598,173911.11,81454.9,0,0,,
209,CASH_IN,24941.48,C1756349460,32183,57124.48,C800507961,0,0,0,0,,
209,CASH_IN,162472.72,C1634281943,10652,173124.72,C1795947365,0,0,0,0,,
209,CASH_IN,50031.7,C677162653,12655,62686.7,C1196464873,0,0,0,0,,
209,CASH_IN,92212.58,C282740754,40044,132256.58,C422621933,83387.47,0,0,0,,
209,CASH_IN,234957.17,C1407622828,20031,254988.17,C1393038107,0,0,0,0,,
209,CASH_IN,205639.37,C882288287,98608,304247.37,C941707282,0,0,0,0,,
209,CASH_IN,22623.83,C1976337249,52456,75079.83,C212447040,85332.9,62709.07,0,0,,
209,CASH_IN,171208.94,C358016884,20061,191269.94,C1492605573,187415.07,16206.13,0,0,,
209,CASH_IN,556463.95,C1956559596,65539.47,622003.43,C1106272710,3361527.41,2805063.46,0,0,,
209,CASH_IN,59515.57,C1909233696,622003.43,681518.99,C1612176321,336491.61,276976.04,0,0,,
209,CASH_IN,101790.4,C539276942,681518.99,783309.39,C1713259325,184965.65,83175.25,0,0,,
209,CASH_IN,99969.6,C716484531,783309.39,883278.99,C1138348787,161350.91,61381.31,0,0,,
209,CASH_IN,206456.49,C737950163,883278.99,1089735.48,C856934225,2328299.16,2121842.66,0,0,,
209,CASH_IN,96745.07,C1046784276,1089735.48,1186480.55,C323642583,228480.22,131735.15,0,0,,
209,CASH_IN,55723.93,C1005709456,1186480.55,1242204.49,C55072678,163988.31,108264.38,0,0,,
209,CASH_IN,211607.57,C884408682,1242204.49,1453812.06,C1078419535,348021.54,136413.97,0,0,,
209,CASH_IN,59358.74,C2119144590,1453812.06,1513170.8,C588782939,878170.76,818812.02,0,0,,
209,CASH_IN,125460.69,C1710796378,1513170.8,1638631.48,C408688303,727229.45,601768.77,0,0,,
209,CASH_IN,30853.86,C1366916893,1638631.48,1669485.34,C1894623957,885140.87,854287.01,0,0,,
209,CASH_IN,236842.85,C1565104137,1669485.34,1906328.2,C554987925,4887927.33,4651084.48,0,0,,
209,CASH_IN,288366.97,C1595968714,1906328.2,2194695.17,C97395100,6538591.66,6250224.69,0,0,,
209,CASH_IN,192941.73,C2131391242,2194695.17,2387636.9,C1234137365,858606.32,665664.59,0,0,,
209,CASH_IN,365109.53,C1695644257,2387636.9,2752746.43,C1543022323,1654633.94,1289524.41,0,0,,
209,CASH_IN,392908.8,C1946758938,2752746.43,3145655.23,C2124368124,1136379.82,743471.02,0,0,,
209,CASH_IN,105717.78,C789883789,3145655.23,3251373.01,C2079357418,272732.36,167014.58,0,0,,
209,CASH_IN,287273.53,C53088070,3251373.01,3538646.54,C1805513121,935979.89,648706.36,0,0,,
209,CASH_IN,113941.05,C1829158704,3538646.54,3652587.59,C771261970,5179810.8,5065869.75,0,0,,
209,CASH_IN,46407.37,C1355426933,3652587.59,3698994.95,C695859259,49047.44,2640.07,0,0,,
209,CASH_IN,71920.53,C1518906658,3698994.95,3770915.48,C131139622,122829.19,50908.67,0,0,,
209,CASH_IN,41524.68,C160155914,3770915.48,3812440.16,C1876595582,203216.71,161692.03,0,0,,
