step,amount,type,nameOrig,oldbalanceOrg,newbalanceOrig,nameDest,oldbalanceDest,newbalanceDest,isFraud,isFlaggedFraud
209,2524.3,CASH_IN,C1433174650,596803.79,599328.09,C324184938,266716.89,264192.59,0,0
209,81057.14,CASH_IN,C901749507,6687064.67,6768121.81,C1535200013,2798597.26,2717540.12,0,0
209,42898.56,CASH_IN,C1348904906,7283522.26,7326420.82,C290715268,181598.55,138699.99,0,0
209,476483.68,CASH_IN,C1694450677,10104815.16,10581298.84,C822608187,656117.72,179634.04,0,0
209,242695.78,CASH_IN,C1422258205,22206.0,264901.78,C3764549,0.0,0.0,0,0
209,193823.38,CASH_IN,C1150502524,3018276.89,3212100.27,C335146465,1737429.11,1543605.72,0,0
209,96741.29,CASH_IN,C2058585894,4584910.94,4681652.23,C1460735297,12093569.81,11996828.52,0,0
209,194418.92,CASH_IN,C1963439345,104120.0,298538.92,C1618380740,3093593.33,2899174.42,0,0
209,107005.94,CASH_IN,C1979912110,8841391.87,8948397.81,C1030050850,939138.55,832132.61,0,0
209,35878.53,CASH_IN,C127708657,8634106.66,8669985.19,C330716064,300231.96,264353.43,0,0
209,65819.27,CASH_IN,C554123039,1342497.82,1408317.09,C1110009763,167855.98,102036.72,0,0
209,127220.29,CASH_IN,C1745007389,5164005.5,5291225.79,C380631516,433431.54,306211.25,0,0
209,121756.75,CASH_IN,C1756198398,7801709.22,7923465.97,C1503836192,387806.94,266050.19,0,0
209,143859.55,CASH_IN,C1255126992,6908302.72,7052162.27,C1672144132,148116.11,4256.56,0,0
209,80549.53,CASH_IN,C1379344635,10215538.15,10296087.68,C716113954,1478757.36,1398207.83,0,0
209,44297.39,CASH_IN,C1699754522,8474247.74,8518545.13,C649126198,47617.65,3320.26,0,0
209,139774.97,CASH_IN,C327605682,9087400.19,9227175.16,C1818824163,840434.23,700659.26,0,0
209,19746.8,CASH_IN,C1539385860,10661261.84,10681008.64,C114028262,110231.69,90484.89,0,0
209,2569.13,CASH_IN,C1375793667,3554696.41,3557265.54,C1776053850,1316905.36,1314336.23,0,0
209,17882.21,CASH_IN,C942176075,6556117.82,6574000.02,C244280883,166985.91,149103.71,0,0
209,78008.12,CASH_IN,C1031002808,4661356.84,4739364.95,C1018461905,5877154.8,5799146.68,0,0
209,216355.14,CASH_IN,C1307867353,5574523.08,5790878.22,C1233465954,397440.23,181085.09,0,0
209,189250.89,CASH_IN,C1644133423,10672.0,199922.89,C1172103639,1184888.1,995637.21,0,0
209,163873.16,CASH_IN,C1645702520,15645.0,179518.16,C1509792918,0.0,0.0,0,0
209,77216.5,CASH_IN,C1844736439,1182548.49,1259764.99,C204984473,262037.81,184821.31,0,0
209,148418.88,CASH_IN,C245629288,150915.0,299333.88,C1154095147,0.0,0.0,0,0
209,17870.69,CASH_IN,C2015872372,7742750.7,7760621.39,C597657561,147380.35,129509.66,0,0
209,207375.73,CASH_IN,C1673671713,1043660.77,1251036.5,C1634522724,244350.21,36974.49,0,0
209,242331.38,CASH_IN,C24372984,25459.0,267790.38,C362952973,272068.61,29737.23,0,0
209,189245.63,CASH_IN,C191800754,30697.0,219942.63,C1569143167,161416.82,0.0,0,0
209,115823.97,CASH_IN,C255896691,689381.0,805204.97,C451672488,4388.73,0.0,0,0
209,21414.66,CASH_IN,C1030249135,110313.0,131727.66,C698185039,988524.84,967110.19,0,0
209,252094.55,CASH_IN,C1388973634,21662.0,273756.55,C1675783525,0.0,0.0,0,0
209,92858.43,CASH_IN,C1568999165,7297989.15,7390847.58,C1450828900,4521696.88,4428838.45,0,0
209,77300.87,CASH_IN,C249686148,27166.0,104466.87,C1860950559,0.0,0.0,0,0
209,94325.31,CASH_IN,C534292461,167762.74,262088.05,C2000629918,771196.14,676870.83,0,0
209,85573.81,CASH_IN,C1436356677,22109.0,107682.81,C317734974,0.0,0.0,0,0
209,34533.65,CASH_IN,C1226116772,43318.0,77851.65,C577424529,390758.91,356225.26,0,0
209,324989.35,CASH_IN,C1140744146,2753010.67,3078000.02,C407453842,484893.64,159904.28,0,0
209,13992.77,CASH_IN,C781427534,1148330.34,1162323.1,C465527676,21133.0,0.0,0,0
209,64498.4,CASH_IN,C1275057737,11307.0,75805.4,C1279012680,353996.17,563805.35,0,0
209,159960.8,CASH_IN,C1474478625,29.0,159989.8,C1062161694,0.0,0.0,0,0
209,459394.22,CASH_IN,C1978503922,7603348.62,8062742.84,C627570303,784823.64,325429.42,0,0
209,91302.33,CASH_IN,C629206757,18695.0,109997.33,C718766160,312686.34,221384.02,0,0
209,76809.3,CASH_IN,C533190047,108798.0,185607.3,C401347570,0.0,0.0,0,0
209,273340.42,CASH_IN,C1252600552,524.0,273864.42,C260664247,1942482.9,1669142.49,0,0
209,171091.51,CASH_IN,C1750486462,4191986.32,4363077.84,C1296451073,1384576.0,1213484.49,0,0
209,152073.68,CASH_IN,C863244237,1150105.05,1302178.73,C323332855,6672870.91,6520797.23,0,0
209,340436.03,CASH_IN,C2060062878,304520.0,644956.03,C1077106737,632306.57,291870.54,0,0
209,229202.57,CASH_IN,C888636887,11239.0,240441.57,C1306411966,0.0,0.0,0,0
209,138047.44,CASH_IN,C397621007,9546075.58,9684123.02,C254048489,150766.86,12719.42,0,0
209,128969.42,CASH_IN,C532369400,4483.0,133452.42,C1674046064,291280.9,162311.47,0,0
209,287423.72,CASH_IN,C1651232464,49756.0,337179.72,C1388889194,1155561.17,868137.45,0,0
209,315507.67,CASH_IN,C1626031454,9124287.5,9439795.18,C247577318,1875657.11,1841581.53,0,0
209,331652.65,CASH_IN,C1274351470,5684926.42,6016579.07,C41433567,1512244.65,1180592.0,0,0
209,31887.3,CASH_IN,C1880770553,32960150.99,32992038.3,C449494697,74373.16,42485.86,0,0
209,95494.07,CASH_IN,C487758153,2506048.77,2601542.84,C1176716802,955697.95,860203.88,0,0
209,68730.21,CASH_IN,C1426810870,1076535.58,1145265.79,C1352797688,499593.26,430863.05,0,0
209,215637.71,CASH_IN,C1329602141,265276.34,480914.05,C355040612,287881.68,72243.96,0,0
209,194232.36,CASH_IN,C975721118,1982262.76,2176495.12,C1000418174,198411.3,4178.94,0,0
209,152739.63,CASH_IN,C836842683,8468527.99,8621267.63,C123710345,370800.66,218061.03,0,0
209,484396.64,CASH_IN,C959950283,9061678.93,9546075.58,C954195652,879836.03,395439.39,0,0
209,268889.06,CASH_IN,C1517547774,20.0,268909.06,C917264114,3374211.53,3105322.47,0,0
209,297359.17,CASH_IN,C1697596787,20263.0,317622.17,C1662643164,125754.57,0.0,0,0
209,523954.04,CASH_IN,C1439854367,1964245.17,2488199.21,C1498081072,731099.49,207145.44,0,0
209,63833.69,CASH_IN,C112493848,8821980.35,8885814.04,C1254915965,211462.16,147628.47,0,0
209,311315.02,CASH_IN,C1895800273,157871.0,469186.02,C2142623984,927134.33,615819.31,0,0
209,91490.29,CASH_IN,C999327301,402863.0,494353.29,C1936929661,239955.34,148465.05,0,0
209,70276.04,CASH_IN,C493437880,1958041.88,2028317.92,C691276745,1634892.72,1564616.68,0,0
209,110435.43,CASH_IN,C539917982,5402070.51,5512505.94,C1387621766,754972.63,644537.19,0,0
209,175106.86,CASH_IN,C1371880843,6213959.1,6389065.96,C1255337552,469019.12,293912.27,0,0
209,100136.63,CASH_IN,C1987688487,27304.0,127440.63,C1913556102,0.0,0.0,0,0
209,103130.73,CASH_IN,C967599985,14752.0,117882.73,C27767111,382006.64,278875.91,0,0
209,33893.47,CASH_IN,C56835654,43209.0,77102.47,C464934264,107606.99,73713.52,0,0
209,279601.96,CASH_IN,C1317459670,4446071.13,4725673.09,C1247600089,17027955.39,16748353.43,0,0
209,215380.35,CASH_IN,C2070442521,5496285.08,5711665.42,C1642928303,897774.63,682394.28,0,0
209,105976.01,CASH_IN,C431877273,20158.0,126134.01,C782721954,425653.83,319677.83,0,0
209,172158.99,CASH_IN,C357107219,20149313.93,20321472.92,C1905984787,1850471.91,1678312.91,0,0
209,277517.93,CASH_IN,C631974511,4.0,277521.93,C1121443490,438076.23,160558.3,0,0
209,177303.48,CASH_IN,C825423676,6138452.45,6315755.93,C571684176,263058.71,85755.22,0,0
209,52130.33,CASH_IN,C669339977,3227564.74,3279695.07,C271886997,131746.33,79616.0,0,0
209,259891.61,CASH_IN,C354973321,119.0,260010.61,C442112186,0.0,0.0,0,0
209,118889.79,CASH_IN,C1302655477,9117481.72,9236371.51,C384752294,4469789.76,4350899.97,0,0
209,38671.16,CASH_IN,C1431047272,9423432.58,9462103.74,C466781109,221112.3,182441.14,0,0
209,166063.72,CASH_IN,C929235785,648804.71,814868.43,C665492840,663556.72,497493.0,0,0
209,37928.25,CASH_IN,C1751681383,4636156.5,4674084.75,C1632677278,188781.12,150852.87,0,0
209,382038.3,CASH_IN,C1845091705,2305654.98,2687693.28,C754175992,1291425.63,909387.33,0,0
209,137829.42,CASH_IN,C1627284726,1982352.96,2120182.38,C452581462,4594392.53,4456563.11,0,0
209,145582.6,CASH_IN,C784926448,2117483.28,2263065.89,C414612549,663019.56,517436.96,0,0
209,99182.48,CASH_IN,C4923052,972.0,100154.48,C2136143215,527243.67,428061.19,0,0
209,90450.64,CASH_IN,C970635967,11123.0,101573.64,C556541803,0.0,0.0,0,0
209,78694.79,CASH_IN,C1152173301,1109840.56,1188535.35,C522714579,621191.88,542497.09,0,0
209,306544.2,CASH_IN,C1580925173,2352061.44,2658605.64,C1044991897,525608.46,219064.26,0,0
209,220679.36,CASH_IN,C548203659,7948.0,228627.36,C1268909769,93407.75,0.0,0,0
209,87432.47,CASH_IN,C492142044,8475434.77,8562867.24,C1546645265,408292.06,320859.59,0,0
209,45916.87,CASH_IN,C1525216413,7922780.51,7968697.38,C1984239342,78952.45,33035.58,0,0
209,264545.79,CASH_IN,C2143213414,16527.0,281072.79,C577536245,970239.03,705693.24,0,0
209,51221.42,CASH_IN,C1545232020,75008.0,126229.42,C789766619,0.0,0.0,0,0
209,73125.82,CASH_IN,C173457305,32505990.33,32579116.15,C1330400740,1818820.54,1745694.72,0,0
209,3415.22,CASH_IN,C1077705365,1454.0,4869.22,C802943110,2567.48,0.0,0,0
209,143738.98,CASH_IN,C27280648,980707.47,1124446.45,C1821843441,441234.16,297495.19,0,0
209,191378.68,CASH_IN,C2026781564,285823.0,477201.68,C880861625,36817.19,0.0,0,0
209,150237.95,CASH_IN,C1700339755,720484.37,870722.32,C1502064083,767790.71,617552.76,0,0
209,361809.89,CASH_IN,C1063035820,30765.0,392574.89,C668792893,435293.72,73483.82,0,0
209,172733.41,CASH_IN,C1510085548,675981.15,848714.56,C2083574589,3263118.18,3090384.77,0,0
209,152885.5,CASH_IN,C540953067,160.0,153045.5,C530966789,293455.74,140570.24,0,0
209,77162.95,CASH_IN,C501067131,513850.0,591012.95,C401911630,3789496.46,3712333.51,0,0
209,356135.14,CASH_IN,C782197548,252096.0,608231.14,C580358599,818383.17,462248.02,0,0
209,132138.48,CASH_IN,C1502428197,2628383.79,2760522.27,C1742752678,692601.39,560462.91,0,0
209,143271.66,CASH_IN,C1805205327,10364.0,153635.66,C67242627,819071.56,675799.9,0,0
209,313675.33,CASH_IN,C1101328219,1347.0,315022.33,C329719535,0.0,0.0,0,0
209,263473.4,CASH_IN,C822199392,56707.0,320180.4,C1520540363,5940510.26,5677036.86,0,0
209,81429.66,CASH_IN,C1170459610,3196819.89,3278249.56,C379248561,554998.99,473569.32,0,0
209,8585.73,CASH_IN,C324859904,33324.0,41909.73,C1631912142,0.0,0.0,0,0
209,153195.84,CASH_IN,C1848097552,9817370.93,9970566.77,C1103378880,2124234.01,1971038.18,0,0
209,99260.21,CASH_IN,C1748228879,687326.21,786586.42,C62069828,683428.6,584168.39,0,0
209,262933.4,CASH_IN,C1379263353,8566248.72,8829182.12,C509664487,8405095.92,8142162.52,0,0
209,63950.93,CASH_IN,C505348560,49314.86,113265.79,C1862201324,143419.83,79468.9,0,0
209,105115.39,CASH_IN,C1038122209,14483.0,119598.39,C1905758660,84234.09,0.0,0,0
209,179146.06,CASH_IN,C938891991,10747568.64,10926714.7,C145641378,212567.36,33421.3,0,0
209,319788.24,CASH_IN,C159619471,3410369.82,3730158.06,C700567364,1530044.43,1210256.19,0,0
209,159890.84,CASH_IN,C909952305,631.0,160521.84,C2044089181,131057.52,47917.04,0,0
209,206917.88,CASH_IN,C434927132,14863727.81,15070645.69,C1511513354,628571.56,421653.68,0,0
209,10968.48,CASH_IN,C783303020,21545.0,32513.48,C503505795,3015238.65,3004270.17,0,0
209,131066.27,CASH_IN,C538246150,8337423.59,8468489.85,C1438420552,811926.99,680860.72,0,0
209,240384.59,CASH_IN,C1305817878,616136.53,856521.12,C656788141,862398.61,622014.02,0,0
209,29392.23,CASH_IN,C1352795978,53837.0,83229.23,C1993335720,5685619.36,5656227.13,0,0
209,233737.85,CASH_IN,C158179822,136201.65,369939.49,C1550446572,1817071.41,1583333.56,0,0
209,339941.28,CASH_IN,C240812533,1392576.66,1732517.94,C1504450194,649585.54,309644.26,0,0
209,502520.08,CASH_IN,C373150567,2275014.72,2777534.8,C635132143,1782506.73,1279986.65,0,0
209,428978.78,CASH_IN,C458069097,657064.47,1086043.26,C1465896918,1063442.35,634463.56,0,0
209,296998.98,CASH_IN,C1077338051,565178.24,862177.23,C1226868830,1611955.05,1314956.07,0,0
209,35641.61,CASH_IN,C349837816,7956465.25,7992106.86,C397574171,539471.1,503829.49,0,0
209,406846.08,CASH_IN,C1767212743,14460746.15,14867592.23,C1626696181,2354696.51,1947850.43,0,0
209,334129.18,CASH_IN,C626177668,49867.0,383996.18,C1740766574,1524274.98,1190145.79,0,0
209,586030.09,CASH_IN,C918819299,1227164.0,1813194.09,C760423405,963837.03,377806.94,0,0
209,492270.69,CASH_IN,C351249731,2677204.89,3169475.58,C122086708,3004072.37,2511801.68,0,0
209,21461.25,CASH_IN,C1272413985,2263.0,23724.25,C2121827645,257305.34,235844.09,0,0
209,351571.03,CASH_IN,C833173987,3080198.07,3431769.1,C285135562,1111390.07,759819.04,0,0
209,120797.25,CASH_IN,C1575173080,1917803.14,2038600.39,C1880509084,172475.73,51678.48,0,0
209,45576.81,CASH_IN,C1983271976,2435068.73,2480645.55,C1856934124,1897292.74,1851715.92,0,0
209,103925.23,CASH_IN,C125770303,8148732.79,8252658.02,C638830660,1949865.27,1845940.04,0,0
209,235218.61,CASH_IN,C1566708586,54311.0,289529.61,C988216318,615197.83,379979.22,0,0
209,36471.21,CASH_IN,C452769843,2970035.66,3006506.87,C1908682936,1544810.76,1508339.54,0,0
209,169071.82,CASH_IN,C1440072790,1344091.75,1513163.58,C1519787048,328828.2,20356.65,0,0
209,195425.56,CASH_IN,C1436043354,2038230.84,2233656.4,C1566052470,467670.73,272245.17,0,0
209,15988.97,CASH_IN,C1511286530,1044921.98,1060910.95,C15004508,425622.07,409633.11,0,0
209,275861.89,CASH_IN,C828218510,23534336.97,23810198.86,C523378182,418247.76,142385.87,0,0
209,25956.67,CASH_IN,C1762952025,6709477.16,6735433.83,C1840236306,963318.41,937361.74,0,0
209,16106.53,CASH_IN,C477591515,3834370.88,3850477.41,C1925547845,274389.56,258283.02,0,0
209,29035.96,CASH_IN,C435054349,9091.0,38126.96,C1258243127,866271.1,837235.14,0,0
209,159275.44,CASH_IN,C1966694918,19887.0,179162.44,C2055952182,592770.83,433495.39,0,0
209,227912.33,CASH_IN,C1720152197,4363190.28,4591102.61,C1336804901,440072.8,212160.47,0,0
209,105542.29,CASH_IN,C161526613,2416104.26,2521646.55,C434491429,966238.58,860696.29,0,0
209,10207.47,CASH_IN,C1905068094,2536643.37,2546850.84,C761011074,500376.12,490168.65,0,0
209,16016.23,CASH_IN,C575547914,19389622.33,19405638.57,C206575368,266108.13,250091.89,0,0
209,123144.85,CASH_IN,C973762218,18179697.71,18302842.56,C1930919744,173341.28,50196.43,0,0
209,182465.83,CASH_IN,C901579346,8652134.83,8834600.66,C1615749242,507493.0,325027.17,0,0
209,78742.73,CASH_IN,C2128312958,196794.57,275537.3,C1479960121,404341.45,325598.71,0,0
209,225298.65,CASH_IN,C1144913785,2631267.23,2856565.88,C1784137006,497060.46,271761.81,0,0
209,13724.02,CASH_IN,C1857611129,7419605.27,7433329.3,C151075935,446553.23,432829.2,0,0
209,10916.81,CASH_IN,C1877021497,1211209.95,1222126.75,C96853954,748147.5,737230.69,0,0
209,121788.48,CASH_IN,C746019178,90168.0,211956.48,C553854489,0.0,0.0,0,0
209,81703.45,CASH_IN,C381693916,22593.0,104296.45,C1489784647,0.0,0.0,0,0
209,207370.33,CASH_IN,C236399800,32622137.41,32829507.74,C1900409986,1413355.63,1205985.3,0,0
209,7158.35,CASH_IN,C1994292463,14604.0,21762.35,C433185494,2845402.52,2838244.17,0,0
209,253167.46,CASH_IN,C958977270,0.0,253167.46,C1515820163,2774772.59,2521605.12,0,0
209,291111.82,CASH_IN,C1388768574,1440596.94,1731708.75,C273646291,433064.32,141952.5,0,0
209,2279.06,CASH_IN,C963620270,4209303.01,4211582.07,C1815852694,4953143.5,4950864.45,0,0
209,101305.29,CASH_IN,C1879521659,663938.31,765243.6,C986195898,1007867.55,906562.26,0,0
209,435637.61,CASH_IN,C1363577959,51404.0,487041.61,C1572032181,4298914.05,3863276.44,0,0
209,94212.35,CASH_IN,C1424402487,443.0,94655.35,C1101894167,0.0,0.0,0,0
209,92056.59,CASH_IN,C1939538829,126977.55,219034.14,C803984158,1026480.72,934424.12,0,0
209,353518.73,CASH_IN,C1910009743,10993239.54,11346758.27,C473673606,461433.04,107914.32,0,0
209,405883.86,CASH_IN,C2002888568,1003207.45,1409091.31,C2119282786,584229.99,178346.13,0,0
209,224538.3,CASH_IN,C1851488627,6934757.0,7159295.3,C1451586705,2646069.49,2421531.19,0,0
209,255368.71,CASH_IN,C646020564,20348.0,275716.71,C171600617,1587782.85,1332414.14,0,0
209,337838.48,CASH_IN,C1871311645,1243541.78,1581380.26,C465372778,1233731.97,895893.49,0,0
209,12639.85,CASH_IN,C479478329,11272871.13,11285510.98,C1274387906,682707.9,670068.06,0,0
209,217989.45,CASH_IN,C508488255,732669.61,950659.06,C20246092,4205091.22,3987101.78,0,0
209,69894.28,CASH_IN,C89322526,17049377.5,17119271.78,C1643758648,234190.27,164295.99,0,0
209,77963.57,CASH_IN,C1062965219,15728112.63,15806076.2,C1276892569,11880961.97,11802998.4,0,0
209,64963.61,CASH_IN,C1918019885,167834.0,232797.61,C2097546643,1684445.5,1619481.89,0,0
209,197636.67,CASH_IN,C111368810,145.0,197781.67,C1851904760,0.0,0.0,0,0
209,103158.57,CASH_IN,C1491963415,21673.0,124831.57,C1839907405,0.0,0.0,0,0
209,77117.95,CASH_IN,C596386191,5121759.27,5198877.22,C251155815,4880332.96,4803215.02,0,0
209,95457.34,CASH_IN,C1250124433,257453.4,352910.74,C1141603713,139079.79,43622.45,0,0
209,163736.59,CASH_IN,C1489315543,5334.0,169070.59,C2054032518,3552136.51,3388399.91,0,0
209,409346.96,CASH_IN,C122881735,7295623.51,7704970.48,C252515985,773877.63,364530.66,0,0
209,173448.3,CASH_IN,C133813543,25493.0,198941.3,C285048279,0.0,0.0,0,0
209,637669.75,CASH_IN,C421928713,23909662.35,24547332.1,C1250115563,3933359.98,3295690.23,0,0
209,277669.96,CASH_IN,C399471910,131784.0,409453.96,C1048196142,995974.05,718304.08,0,0
209,61587.37,CASH_IN,C323972884,50738.0,112325.37,C1020604494,89315.71,27728.34,0,0
209,140481.86,CASH_IN,C1701765616,6660406.81,6800888.67,C1932218707,1316204.19,1175722.33,0,0
209,182211.21,CASH_IN,C913969294,1775830.67,1958041.88,C93456059,3124461.55,2942250.34,0,0
209,45728.64,CASH_IN,C2146400681,14325.0,60053.64,C759885365,54585.53,8856.88,0,0
209,576345.93,CASH_IN,C1158833535,5479920.49,6056266.42,C480779438,2456384.1,1880038.17,0,0
209,205950.47,CASH_IN,C1665097781,8054706.27,8260656.74,C1836311964,1675392.37,1469441.9,0,0
209,344144.59,CASH_IN,C652605688,1084.0,345228.59,C935950522,0.0,0.0,0,0
209,92812.45,CASH_IN,C1963482069,797475.84,890288.29,C1067931130,145657.26,52844.81,0,0
209,221030.41,CASH_IN,C1599066046,5080.0,226110.41,C2054112245,1097343.73,876313.32,0,0
209,125188.86,CASH_IN,C1679460838,105583.0,230771.86,C572601373,0.0,0.0,0,0
209,66524.85,CASH_IN,C508277937,10926714.7,10993239.54,C2143093028,1695260.98,1628736.13,0,0
209,2362.28,CASH_IN,C2098540488,69952.0,72314.28,C179457448,1459673.95,1457311.67,0,0
209,215515.73,CASH_IN,C623112038,223681.0,439196.73,C814672522,0.0,0.0,0,0
209,159860.1,CASH_IN,C455221820,16214.0,176074.1,C1043694287,9189560.12,9029700.03,0,0
209,52514.06,CASH_IN,C1770560325,299065.0,351579.06,C141706120,4823067.49,4770553.42,0,0
209,63215.25,CASH_IN,C1624501173,10995268.67,11058483.91,C2002507801,108547.7,45332.45,0,0
209,96256.09,CASH_IN,C230389354,3064455.06,3160711.15,C91710915,213620.02,117363.93,0,0
209,206863.26,CASH_IN,C1536873280,79651.0,286514.26,C1351362832,2622970.05,2416106.79,0,0
209,162920.78,CASH_IN,C742483463,143726.0,306646.78,C544969425,3155330.38,2992409.6,0,0
209,113637.29,CASH_IN,C138303765,8885814.04,8999451.33,C1907265620,366731.44,253094.15,0,0
209,54168.38,CASH_IN,C2094635733,9085084.43,9139252.81,C1755140654,5548881.41,5494713.03,0,0
209,281128.08,CASH_IN,C469272126,5835344.77,6116472.85,C1408325648,327798.74,46670.66,0,0
209,71596.13,CASH_IN,C189720064,13350.0,84946.13,C454823922,180001.13,108405.0,0,0
209,70275.81,CASH_IN,C1479439240,525.0,70800.81,C1995897445,33464.71,0.0,0,0
209,75280.07,CASH_IN,C411042261,205085.0,280365.07,C144844686,1468131.79,1392851.72,0,0
209,103092.34,CASH_IN,C1870598340,353719.95,456812.3,C619120762,1859391.73,1756299.39,0,0
209,139359.9,CASH_IN,C1959967807,4681652.23,4821012.13,C1139638003,387572.0,248212.1,0,0
209,4336.09,CASH_IN,C959764509,1415167.0,1419503.09,C1477818575,2379184.88,2365944.97,0,0
209,129705.24,CASH_IN,C1801306746,652916.96,782622.2,C986071324,277096.71,147391.48,0,0
209,387785.6,CASH_IN,C303862441,29364411.7,29752197.3,C554641258,1059232.06,671446.46,0,0
209,310930.09,CASH_IN,C1681963202,6975047.07,7285977.17,C179294295,2670875.88,2359945.79,0,0
209,77360.4,CASH_IN,C1840256408,7704970.48,7782330.88,C1579833111,618066.81,540706.41,0,0
209,216684.96,CASH_IN,C134290862,2319958.4,2536643.37,C1198351978,472751.73,256066.77,0,0
209,5961.21,CASH_IN,C1314733423,155.0,6116.21,C1224144401,177321.27,171360.06,0,0
209,53721.72,CASH_IN,C901330155,6685652.25,6739373.97,C228675978,185146.22,131424.5,0,0
209,214976.0,CASH_IN,C1341815151,4275596.38,4490572.38,C1677584716,1117739.25,902763.25,0,0
209,159095.96,CASH_IN,C1963531466,39.0,159134.96,C2137617615,288720.69,129624.73,0,0
209,104234.43,CASH_IN,C1703796370,294792.0,399026.43,C1326387895,1118900.02,1014665.59,0,0
209,215629.22,CASH_IN,C1529274646,712898.92,928528.14,C1606048814,898934.78,683305.55,0,0
209,166363.08,CASH_IN,C951372232,907637.04,1074000.12,C2033828100,372576.84,206213.76,0,0
209,53274.1,CASH_IN,C1467436064,2362830.16,2416104.26,C2130327269,189555.05,136280.95,0,0
209,347166.45,CASH_IN,C1265137147,1479662.12,1826828.56,C1877050036,516716.02,169549.58,0,0
209,113629.83,CASH_IN,C1017280117,212.0,113841.83,C391106391,68800.66,0.0,0,0
209,78376.22,CASH_IN,C1474688156,4284814.06,4363190.28,C1110623318,1551725.22,1473349.0,0,0
209,279679.42,CASH_IN,C2038182187,27817233.95,28096913.37,C1720611052,24377822.8,24098143.38,0,0
209,180157.14,CASH_IN,C32582239,8796014.22,8976171.36,C1160310888,288696.72,78006.09,0,0
209,25565.53,CASH_IN,C938977543,50566.0,76131.53,C265841327,2716384.06,2690818.54,0,0
209,64943.77,CASH_IN,C2059118163,221095.0,286038.77,C1570563352,0.0,0.0,0,0
209,95712.42,CASH_IN,C78691890,56486.0,152198.42,C2032087661,1913459.28,1817746.86,0,0
209,49696.02,CASH_IN,C1461678768,250414.77,300110.79,C690031047,905946.91,856250.9,0,0
209,224372.65,CASH_IN,C515018219,26098.0,250470.65,C2060098648,119202.33,0.0,0,0
209,141711.54,CASH_IN,C1652974731,8945688.65,9087400.19,C75960013,1387316.36,1245604.82,0,0
209,40908.32,CASH_IN,C1409361536,31616.0,72524.32,C99507089,1665785.33,1624877.0,0,0
209,60057.36,CASH_IN,C1179768874,4296710.01,4356767.37,C397695184,670118.53,610061.17,0,0
209,133735.5,CASH_IN,C1780925367,6651162.8,6784898.3,C851198407,873621.11,739885.61,0,0
209,169740.08,CASH_IN,C1574199506,7642682.8,7812422.88,C477806318,1142385.58,972645.49,0,0
209,186261.96,CASH_IN,C1979502364,12303432.97,12489694.93,C1716929402,790843.55,604581.6,0,0
209,15580.74,CASH_IN,C635795078,2671835.95,2687416.7,C196786125,2925563.46,2909982.72,0,0
209,29567.26,CASH_IN,C251134963,27035.0,56602.26,C1109121434,143139.55,113572.29,0,0
209,6366.79,CASH_IN,C1260089357,737677.94,744044.73,C1840824602,816476.01,810109.22,0,0
209,193377.8,CASH_IN,C1260525137,6022773.02,6216150.82,C601169244,1500716.37,1417636.81,0,0
209,193074.21,CASH_IN,C1176063002,7411152.36,7604226.56,C723981114,11333007.89,11139933.69,0,0
209,81921.58,CASH_IN,C2120228693,1233184.53,1315106.1,C516516576,8744810.42,8662888.84,0,0
209,234476.67,CASH_IN,C1498505713,9444344.81,9678821.48,C374396691,629707.56,395230.89,0,0
209,33629.99,CASH_IN,C310264193,5793257.62,5826887.6,C447874151,125014.25,91384.26,0,0
209,365535.09,CASH_IN,C1680577487,4474349.24,4839884.34,C1730009736,461613.68,96078.59,0,0
209,147947.45,CASH_IN,C1030397065,240840.41,388787.87,C1687070749,472522.23,324574.77,0,0
209,157010.1,CASH_IN,C1211700205,10710.0,167720.1,C400994946,60721.28,0.0,0,0
209,105889.09,CASH_IN,C1509572860,16343199.91,16449089.0,C1800541146,966300.86,860411.77,0,0
209,89502.59,CASH_IN,C435880936,3495354.44,3584857.03,C1776380203,1413678.26,1324175.67,0,0
209,320599.66,CASH_IN,C1527562360,824208.93,1144808.59,C720822176,514654.92,194055.27,0,0
209,242820.87,CASH_IN,C1852033406,1111470.59,1354291.46,C1898315005,316759.72,73938.84,0,0
209,167805.35,CASH_IN,C2052482310,47067.0,214872.35,C1905815108,0.0,0.0,0,0
209,66739.58,CASH_IN,C1668837738,40895.0,107634.58,C745815908,1190230.37,1123490.8,0,0
209,72733.03,CASH_IN,C638299625,3410741.32,3483474.35,C1194466357,2114619.83,2041886.8,0,0
209,84111.79,CASH_IN,C629222218,136082.0,220193.79,C1097195897,138999.22,54887.43,0,0
209,279601.88,CASH_IN,C806943972,3860635.96,4140237.83,C1178242976,2126461.65,1846859.77,0,0
209,47937.18,CASH_IN,C1505559612,32975.0,80912.18,C1969690926,157214.13,109276.95,0,0
209,370219.34,CASH_IN,C608237962,10975.0,381194.34,C1420945446,333513.01,0.0,0,0
209,193962.76,CASH_IN,C97899464,21832.0,215794.76,C540029315,0.0,0.0,0,0
209,681.32,CASH_IN,C1685449758,9796419.07,9797100.39,C1693599233,1727396.6,1726715.28,0,0
209,36922.63,CASH_IN,C397674334,9227175.16,9264097.78,C1918131030,360864.2,323941.57,0,0
209,234266.29,CASH_IN,C1366944750,42054.0,276320.29,C1910050716,113438.67,0.0,0,0
209,39862.0,CASH_IN,C788148360,7843707.55,7883569.56,C1262988743,7820698.24,7780836.24,0,0
209,144336.77,CASH_IN,C119242210,7206252.17,7350588.94,C1164184209,2059191.0,1914854.22,0,0
209,44949.19,CASH_IN,C123959909,100719.0,145668.19,C374561914,12767527.55,12722578.36,0,0
209,322598.37,CASH_IN,C1548558786,11346758.27,11669356.64,C1384183851,2716050.96,2393452.59,0,0
209,131580.23,CASH_IN,C364016863,70392.0,201972.23,C1718206489,765279.18,633698.95,0,0
209,65963.7,CASH_OUT,C1851420899,0.0,0.0,C581277120,791258.0,857221.7,0,0
209,158205.47,CASH_OUT,C1773539486,0.0,0.0,C1862044056,261818.66,420024.13,0,0
209,31418.81,CASH_OUT,C2060613785,16419.0,0.0,C1170718796,238756.09,270174.9,0,0
209,173874.98,CASH_OUT,C1620745747,0.0,0.0,C1794711160,350081.46,523956.44,0,0
209,128355.02,CASH_OUT,C235979730,48157.0,0.0,C2092534880,247770.98,376126.0,0,0
209,208179.28,CASH_OUT,C1560374284,0.0,0.0,C1633706102,1911528.31,2119707.59,0,0
209,236699.46,CASH_OUT,C1888811519,0.0,0.0,C1173104885,4469594.58,4706294.04,0,0
209,233868.06,CASH_OUT,C182149360,0.0,0.0,C231042499,1111597.95,1345466.01,0,0
209,251543.1,CASH_OUT,C1370508471,487052.81,235509.72,C99479605,286416.0,537959.1,0,0
209,207429.85,CASH_OUT,C708690137,10811.0,0.0,C551538054,0.0,207429.85,0,0
209,172713.73,CASH_OUT,C409428971,81954.0,0.0,C1244351094,0.0,172713.73,0,0
209,280520.67,CASH_OUT,C2136778563,0.0,0.0,C1524019269,4104622.45,4385143.12,0,0
209,236050.17,CASH_OUT,C353020829,0.0,0.0,C1969797205,687692.6,923742.77,0,0
209,175324.46,CASH_OUT,C1293117243,357940.0,182615.54,C546916090,1075459.11,1250783.58,0,0
209,176778.43,CASH_OUT,C1429909441,0.0,0.0,C1795465515,619403.67,796182.1,0,0
209,164639.01,CASH_OUT,C40829187,0.0,0.0,C899625985,2099518.46,2264157.47,0,0
209,129958.38,CASH_OUT,C861983505,5763.0,0.0,C97098326,221302.83,351261.21,0,0
209,72903.04,CASH_OUT,C617046369,8794.0,0.0,C1407087814,135351.12,208254.16,0,0
209,240694.75,CASH_OUT,C2008667217,196319.6,0.0,C2017564391,0.0,240694.75,0,0
209,45463.24,CASH_OUT,C601991915,13540.0,0.0,C441456047,107239.13,152702.38,0,0
209,26400.27,CASH_OUT,C200622995,0.0,0.0,C2063296467,231100.3,257500.57,0,0
209,530933.45,CASH_OUT,C1333915211,11079.0,0.0,C1618352262,0.0,530933.45,0,0
209,158821.54,CASH_OUT,C1302517268,0.0,0.0,C688238869,640894.58,799716.12,0,0
209,167726.63,CASH_OUT,C935334018,22422.0,0.0,C396931678,159289.74,327016.37,0,0
209,15093.18,CASH_OUT,C1747514851,0.0,0.0,C1855697797,1267763.11,1282856.3,0,0
209,376514.73,CASH_OUT,C809041535,0.0,0.0,C660729662,4222729.3,4599244.04,0,0
209,48768.43,CASH_OUT,C794576302,0.0,0.0,C144306421,182186.86,230955.28,0,0
209,269001.35,CASH_OUT,C1590202983,0.0,0.0,C587386073,928408.34,1197409.69,0,0
209,484658.56,CASH_OUT,C1815128548,1162.0,0.0,C895004356,113047.8,597706.36,0,0
209,220291.06,CASH_OUT,C1188484246,179751.86,0.0,C653101187,332954.49,553245.55,0,0
209,131808.47,CASH_OUT,C842428332,0.0,0.0,C512884787,999218.34,1131026.81,0,0
209,335765.27,CASH_OUT,C1168462822,0.0,0.0,C2069156495,5061583.24,5397348.5,0,0
209,297053.91,CASH_OUT,C1492980239,385975.0,88921.09,C1382862241,68870.53,365924.43,0,0
209,282743.58,CASH_OUT,C1360966107,30894.0,0.0,C43025192,574679.42,857423.0,0,0
209,59744.48,CASH_OUT,C713744033,378247.0,318502.52,C253184464,235522.81,295267.29,0,0
209,40129.03,CASH_OUT,C5352590,0.0,0.0,C1776807316,227148.79,267277.82,0,0
209,39249.29,CASH_OUT,C739521875,299053.0,259803.71,C69564616,81951.71,121200.99,0,0
209,337082.62,CASH_OUT,C407056214,0.0,0.0,C818858785,1010830.52,1347913.14,0,0
209,108812.41,CASH_OUT,C1572043034,10678.0,0.0,C1642905671,1689429.22,1798241.64,0,0
209,272108.63,CASH_OUT,C1507443088,139378.28,0.0,C902286437,8680320.63,8952429.27,0,0
209,186632.93,CASH_OUT,C1770010000,0.0,0.0,C400358751,533808.58,720441.51,0,0
209,16609.71,CASH_OUT,C1820437798,0.0,0.0,C1677253386,61764.15,78373.86,0,0
209,36565.28,CASH_OUT,C842106590,31752.0,0.0,C1904384148,457299.94,493865.22,0,0
209,52112.71,CASH_OUT,C301527125,7123.7,0.0,C1151061642,733263.56,785376.27,0,0
209,39470.48,CASH_OUT,C1363214973,716345.0,676874.52,C2078634886,64945.52,104416.0,0,0
209,27629.78,CASH_OUT,C248781054,0.0,0.0,C1418369954,631039.27,658669.06,0,0
209,195968.29,CASH_OUT,C795561625,91417.0,0.0,C1114749250,0.0,195968.29,0,0
209,238131.9,CASH_OUT,C1315100987,0.0,0.0,C475552744,1059339.33,1297471.23,0,0
209,96724.48,CASH_OUT,C1467888545,67801.0,0.0,C699594127,97824.28,194548.76,0,0
209,70542.57,CASH_OUT,C1032095679,0.0,0.0,C926447927,414382.3,484924.87,0,0
209,106971.38,CASH_OUT,C1022293925,0.0,0.0,C944040541,903965.18,1010936.56,0,0
209,168216.28,CASH_OUT,C2092088812,0.0,0.0,C1995669561,2106908.2,2275124.48,0,0
209,188774.3,CASH_OUT,C2028003788,0.0,0.0,C1037706659,579458.6,768232.9,0,0
209,148228.86,CASH_OUT,C1564541642,11562.0,0.0,C1026793854,247001.27,395230.13,0,0
209,48913.93,CASH_OUT,C1356264715,61996.0,13082.07,C1583007784,0.0,48913.93,0,0
209,247440.82,CASH_OUT,C1057555886,0.0,0.0,C322602923,554066.43,801507.24,0,0
209,23419.48,CASH_OUT,C1648720152,23724.25,304.77,C1414719070,97947.27,121366.75,0,0
209,33777.44,CASH_OUT,C1178761834,0.0,0.0,C1166920432,281643.1,544590.21,0,0
209,1181.96,CASH_OUT,C1301980441,30071.0,28889.04,C528992538,50017.01,51198.97,0,0
209,1478.19,CASH_OUT,C1294801858,59451.0,57972.81,C467292272,1044306.37,1045784.56,0,0
209,40175.38,CASH_OUT,C345347851,39659.0,0.0,C1383313947,0.0,40175.38,0,0
209,184579.47,CASH_OUT,C624979324,0.0,0.0,C506623317,242904.64,427484.11,0,0
209,28357.9,CASH_OUT,C633340025,900.0,0.0,C1592785206,0.0,28357.9,0,0
209,174690.89,CASH_OUT,C984544464,0.0,0.0,C560840381,685490.86,860181.75,0,0
209,94735.42,CASH_OUT,C52327328,0.0,0.0,C334096097,8125330.72,8220066.13,0,0
209,78778.15,CASH_OUT,C722138875,246748.0,167969.85,C1368165783,1201379.32,1280157.47,0,0
209,316689.95,CASH_OUT,C560145118,31140.0,0.0,C1384833380,0.0,316689.95,0,0
209,120637.08,CASH_OUT,C590951880,13928.0,0.0,C1302299273,1141120.2,1261757.28,0,0
209,84724.41,CASH_OUT,C611999753,0.0,0.0,C554679304,1650140.77,1734865.18,0,0
209,80129.34,CASH_OUT,C1574972235,0.0,0.0,C1913564743,7941838.53,8144491.42,0,0
209,51488.27,CASH_OUT,C15454312,117769.22,66280.95,C2104156443,1141076.41,1192564.69,0,0
209,122803.33,CASH_OUT,C978241140,683816.0,561012.67,C24763706,204619.85,327423.18,0,0
209,22254.96,CASH_OUT,C1531133196,24860.0,2605.04,C574758909,3061355.23,3083610.2,0,0
209,269462.39,CASH_OUT,C199541246,0.0,0.0,C143577901,402399.0,671861.39,0,0
209,1377.16,CASH_OUT,C1468356572,636.0,0.0,C2052537222,533548.01,534925.17,0,0
209,72326.92,CASH_OUT,C897545551,8254.0,0.0,C391643380,0.0,72326.92,0,0
209,18087.72,CASH_OUT,C239169815,0.0,0.0,C204102424,227067.23,245154.95,0,0
209,251227.09,CASH_OUT,C2036645697,0.0,0.0,C424377733,3667530.72,3918757.81,0,0
209,476608.75,CASH_OUT,C51343014,0.0,0.0,C733692485,505981.88,982590.63,0,0
209,155829.14,CASH_OUT,C945477425,0.0,0.0,C149400487,1990315.31,2146144.45,0,0
209,122343.78,CASH_OUT,C166245776,30379.28,0.0,C1496054058,341801.97,464145.75,0,0
209,274334.16,CASH_OUT,C1905300868,21191.0,0.0,C1474348938,177990.82,452324.98,0,0
209,59406.38,CASH_OUT,C297208334,0.0,0.0,C507147910,1104241.41,1163647.79,0,0
209,91047.52,CASH_OUT,C1085037768,0.0,0.0,C252628824,862288.12,953335.64,0,0
209,72791.93,CASH_OUT,C468032396,0.0,0.0,C1780366714,296674.61,369466.54,0,0
209,302906.23,CASH_OUT,C1952524116,11677.0,0.0,C491295698,0.0,302906.23,0,0
209,242596.9,CASH_OUT,C805713143,31365.0,0.0,C1357607681,0.0,242596.9,0,0
209,469997.28,CASH_OUT,C749122940,0.0,0.0,C345945054,1974669.56,2444666.84,0,0
209,118037.77,CASH_OUT,C145349913,0.0,0.0,C1711088061,5201438.58,5319476.34,0,0
209,179815.79,CASH_OUT,C1816205367,0.0,0.0,C1715246090,2856974.11,3036789.9,0,0
209,123011.46,CASH_OUT,C486709855,16433.34,0.0,C2132809808,226303.19,349314.66,0,0
209,106435.69,CASH_OUT,C629061045,16683.0,0.0,C773428207,132145.27,238580.97,0,0
209,211328.18,CASH_OUT,C1201750589,718.0,0.0,C2011555741,149685.79,361013.97,0,0
209,5273.65,CASH_OUT,C1565219314,101867.0,96593.35,C1822238172,433894.02,712959.46,0,0
209,334361.91,CASH_OUT,C877721702,0.0,0.0,C1513800919,345412.21,679774.12,0,0
209,164237.54,CASH_OUT,C1334903661,0.0,0.0,C365271329,4681706.14,4845943.68,0,0
209,208499.29,CASH_OUT,C1350609271,0.0,0.0,C1387596003,2077358.51,2285857.8,0,0
209,156089.68,CASH_OUT,C1753395669,0.0,0.0,C2089767688,1159556.13,1315645.81,0,0
209,57569.93,CASH_OUT,C468232646,21446.0,0.0,C1137390212,105687.87,163257.81,0,0
209,126065.14,CASH_OUT,C523403084,0.0,0.0,C879022434,1609707.79,1735772.93,0,0
209,150651.94,CASH_OUT,C205013770,0.0,0.0,C1271566397,482290.82,632942.77,0,0
209,60236.53,CASH_OUT,C354469913,0.0,0.0,C1876406463,160228.12,220464.65,0,0
209,325450.1,CASH_OUT,C2033796253,214.0,0.0,C233311722,0.0,325450.1,0,0
209,78433.12,CASH_OUT,C401191125,87650.0,9216.88,C1158755289,0.0,78433.12,0,0
209,194694.68,CASH_OUT,C804860605,0.0,0.0,C211112281,1382259.86,1576954.54,0,0
209,147878.95,CASH_OUT,C664739275,0.0,0.0,C2004800916,245769.5,393648.45,0,0
209,471206.49,CASH_OUT,C2005417668,150776.0,0.0,C1252379042,122563.85,593770.34,0,0
209,10653.48,CASH_OUT,C870960509,0.0,0.0,C1650179380,859447.52,870101.0,0,0
209,231339.53,CASH_OUT,C453150628,2023.0,0.0,C417901300,2491112.65,2722452.18,0,0
209,17784.95,CASH_OUT,C644872994,0.0,0.0,C1464556331,232855.01,250639.96,0,0
209,33306.16,CASH_OUT,C1758299193,10860.0,0.0,C74449672,112232.46,145538.62,0,0
209,47630.49,CASH_OUT,C1797918812,50895.0,3264.51,C955181193,450623.7,498254.19,0,0
209,294964.77,CASH_OUT,C1208213964,0.0,0.0,C179133313,9699225.91,9994190.68,0,0
209,77725.23,CASH_OUT,C1770441993,0.0,0.0,C744234506,260616.74,338341.97,0,0
209,137868.06,CASH_OUT,C1239051106,0.0,0.0,C97395100,6250224.69,6388092.75,0,0
209,113164.42,CASH_OUT,C1076848407,104550.0,0.0,C473118516,20981.19,134145.62,0,0
209,237544.46,CASH_OUT,C704310667,39805.0,0.0,C160560470,61068.18,298612.64,0,0
209,144032.57,CASH_OUT,C1986031839,0.0,0.0,C23546526,703628.09,847660.66,0,0
209,149493.78,CASH_OUT,C1334698128,392.0,0.0,C465280781,1991901.11,2141394.89,0,0
209,30327.19,CASH_OUT,C34233958,10926.0,0.0,C1009790900,1032142.04,1062469.23,0,0
209,306258.87,CASH_OUT,C1822280447,0.0,0.0,C1883585083,969013.7,1275272.57,0,0
209,140810.36,CASH_OUT,C596307808,11342.0,0.0,C662737398,270689.21,411499.57,0,0
209,99089.07,CASH_OUT,C1886690143,614.0,0.0,C573580518,0.0,99089.07,0,0
209,43056.88,CASH_OUT,C170871497,65230.0,22173.12,C241703089,10432.68,53489.56,0,0
209,24218.03,CASH_OUT,C1533626906,0.0,0.0,C906336798,2717807.95,2498609.3,0,0
209,96409.85,CASH_OUT,C909782991,1371.0,0.0,C1765911323,4700636.62,4797046.47,0,0
209,92393.2,CASH_OUT,C504840291,5033.0,0.0,C1564124354,598048.22,690441.42,0,0
209,154335.81,CASH_OUT,C1823391888,0.0,0.0,C1793853827,160728.04,315063.85,0,0
209,28534.86,CASH_OUT,C1688234529,7242.0,0.0,C1596745591,249990.42,278525.29,0,0
209,190701.65,CASH_OUT,C1473971290,0.0,0.0,C711417372,1370470.36,1561172.01,0,0
209,171024.55,CASH_OUT,C696637790,16773.0,0.0,C1953359400,0.0,171024.55,0,0
209,119655.26,CASH_OUT,C1849711172,0.0,0.0,C765475779,453809.84,573465.1,0,0
209,74822.18,CASH_OUT,C1600461138,20994.0,0.0,C1873716691,0.0,74822.18,0,0
209,248516.63,CASH_OUT,C1193279789,0.0,0.0,C213785686,452587.62,701104.25,0,0
209,691.93,CASH_OUT,C816920025,0.0,0.0,C84952252,875684.77,876376.69,0,0
209,246030.56,CASH_OUT,C800401028,11382.0,0.0,C1391043757,1927003.67,2173034.23,0,0
209,39741.29,CASH_OUT,C416009702,0.0,0.0,C571195364,1234816.12,1274557.41,0,0
209,166585.95,CASH_OUT,C1399112500,0.0,0.0,C1504609810,618338.88,784924.83,0,0
209,36181.39,CASH_OUT,C77459015,0.0,0.0,C1554666770,423570.16,459751.56,0,0
209,26763.93,CASH_OUT,C2137675356,0.0,0.0,C808562234,3653422.03,3842069.28,0,0
209,164264.63,CASH_OUT,C250365787,0.0,0.0,C308484865,2239381.72,2403646.34,0,0
209,368374.96,CASH_OUT,C546979803,0.0,0.0,C671630545,5094135.74,5462510.69,0,0
209,254196.92,CASH_OUT,C2056357105,0.0,0.0,C1566845650,606841.26,861038.18,0,0
209,5719.28,CASH_OUT,C557963456,1138.0,0.0,C1895399720,0.0,5719.28,0,0
209,111731.51,CASH_OUT,C1790121897,904.0,0.0,C1383239934,0.0,111731.51,0,0
209,124134.97,CASH_OUT,C1619114091,0.0,0.0,C1557221837,777605.82,901740.8,0,0
209,466575.28,CASH_OUT,C601671381,0.0,0.0,C1260562796,3513697.41,3980272.69,0,0
209,252715.48,CASH_OUT,C1647106728,202805.0,0.0,C389849197,404151.04,656866.53,0,0
209,15002.87,CASH_OUT,C360859456,0.0,0.0,C267029911,1147531.63,1162534.5,0,0
209,185295.99,CASH_OUT,C448884364,51670.0,0.0,C19525842,338827.52,524123.52,0,0
209,46737.02,CASH_OUT,C1702377707,4031.0,0.0,C1434575059,1206416.63,1253153.65,0,0
209,84168.99,CASH_OUT,C641208641,11002.0,0.0,C288438724,8498348.49,8582517.48,0,0
209,107641.52,CASH_OUT,C1210473160,0.0,0.0,C128645442,586676.16,694317.68,0,0
209,221741.14,CASH_OUT,C45577806,0.0,0.0,C236282128,1483743.4,1705484.54,0,0
209,156592.98,CASH_OUT,C48222951,0.0,0.0,C1155468628,2237894.89,2394487.88,0,0
209,210763.71,CASH_OUT,C593228388,105252.0,0.0,C363330984,1540108.42,1750872.13,0,0
209,196218.75,CASH_OUT,C1068007162,122584.0,0.0,C796767349,8300.58,204519.33,0,0
209,131000.28,CASH_OUT,C136309514,0.0,0.0,C1238689551,849720.03,980720.31,0,0
209,1047.33,CASH_OUT,C1933610146,0.0,0.0,C1872594507,428423.51,429470.84,0,0
209,6260.6,CASH_OUT,C1154031159,21138.0,14877.4,C833344461,3317963.92,3324224.52,0,0
209,360494.81,CASH_OUT,C40694547,11033.0,0.0,C1066958722,0.0,455193.18,0,0
209,182058.29,CASH_OUT,C2013879947,175.0,0.0,C1784156937,758275.95,940334.24,0,0
209,28371.99,CASH_OUT,C1989040063,0.0,0.0,C155841328,71173.34,99545.33,0,0
209,103887.39,CASH_OUT,C2143852564,49548.0,0.0,C970925817,0.0,103887.39,0,0
209,111662.21,CASH_OUT,C727058943,0.0,0.0,C635848930,801559.08,913221.29,0,0
209,70115.74,CASH_OUT,C1819246786,0.0,0.0,C658064572,4068395.01,4138510.75,0,0
209,204819.45,CASH_OUT,C1923740004,0.0,0.0,C1082584516,1341920.93,1546740.38,0,0
209,317662.43,CASH_OUT,C1709090516,20704.0,0.0,C21503573,6121601.63,6439264.05,0,0
209,260501.92,CASH_OUT,C470086523,63523.0,0.0,C1977647591,0.0,260501.92,0,0
209,45292.09,CASH_OUT,C991420438,105332.0,60039.91,C1420119812,3800086.82,3845378.91,0,0
209,132360.29,CASH_OUT,C444320757,0.0,0.0,C2058243163,808229.37,940589.65,0,0
209,248591.1,CASH_OUT,C1836507429,20609.0,0.0,C1710489333,1275925.32,1524516.42,0,0
209,277945.11,CASH_OUT,C883862319,72488.0,0.0,C586675613,652978.11,930923.22,0,0
209,58506.59,CASH_OUT,C616592561,0.0,0.0,C1318301211,1520077.84,1578584.43,0,0
209,99876.97,CASH_OUT,C1278742064,0.0,0.0,C563885631,136090.86,235967.82,0,0
209,848.54,CASH_OUT,C502518869,0.0,0.0,C1168086420,128547.43,129395.96,0,0
209,275809.8,CASH_OUT,C178652076,52791.0,0.0,C1451833146,13326.01,289135.81,0,0
209,41385.1,CASH_OUT,C1047798653,0.0,0.0,C804509973,415868.27,457253.37,0,0
209,165497.11,CASH_OUT,C1545706084,0.0,0.0,C1453253027,711978.48,877475.59,0,0
209,269816.64,CASH_OUT,C1170197905,20733.0,0.0,C33421096,21304.77,291121.41,0,0
209,1411.86,CASH_OUT,C1344815652,0.0,0.0,C824758302,645282.27,646694.13,0,0
209,25650.28,CASH_OUT,C42991431,0.0,0.0,C1591362940,1384324.66,1409974.94,0,0
209,49951.39,CASH_OUT,C169710441,7600.0,0.0,C524722860,2771358.09,2821309.49,0,0
209,71047.99,CASH_OUT,C651440606,0.0,0.0,C644009362,996071.37,1067119.35,0,0
209,260989.38,CASH_OUT,C528911257,19422.0,0.0,C700873181,724014.21,985003.59,0,0
209,12987.36,CASH_OUT,C1590139160,0.0,0.0,C823706006,3010077.74,3023065.1,0,0
209,12095.77,CASH_OUT,C1655918675,243190.0,231094.23,C575790868,0.0,12095.77,0,0
209,372376.01,CASH_OUT,C65043937,52800.0,0.0,C1037031013,0.0,372376.01,0,0
209,161627.62,CASH_OUT,C1876772225,0.0,0.0,C350704672,3906110.91,4067738.53,0,0
209,121512.54,CASH_OUT,C1976580968,0.0,0.0,C551158032,10962229.18,11083741.73,0,0
209,181722.54,CASH_OUT,C1437768606,49234.0,0.0,C1731355776,1375903.81,1557626.35,0,0
209,4192.56,CASH_OUT,C572556033,0.0,0.0,C160151932,7906.57,12099.14,0,0
209,360673.91,CASH_OUT,C135953505,11177.0,0.0,C493537576,11511502.23,11872176.14,0,0
209,214227.97,CASH_OUT,C1108838724,14281.0,0.0,C217154704,686099.03,900327.0,0,0
209,166384.45,CASH_OUT,C1463900776,68574.0,0.0,C201474654,19680027.45,19846411.9,0,0
209,55005.89,CASH_OUT,C1377122014,100.0,0.0,C1716561595,742139.5,797145.39,0,0
209,47422.64,CASH_OUT,C1390196314,100212.0,52789.36,C2034810419,0.0,47422.64,0,0
209,285727.96,CASH_OUT,C1713514268,4783.0,0.0,C587583952,1247838.38,1533566.33,0,0
209,207896.31,CASH_OUT,C1321953418,20345.0,0.0,C809799145,149833.0,267579.38,0,0
209,214678.04,CASH_OUT,C1261133043,0.0,0.0,C1748297857,1675648.13,1890326.17,0,0
209,91632.85,CASH_OUT,C1855754182,0.0,0.0,C765473648,316014.48,407647.32,0,0
209,30498.23,CASH_OUT,C6122056,0.0,0.0,C1625413664,82908.91,113407.14,0,0
209,161092.26,CASH_OUT,C918717345,4121.35,0.0,C881100856,8073130.3,8234222.56,0,0
209,233520.03,CASH_OUT,C688158468,21130.0,0.0,C473699289,1249122.03,1482642.06,0,0
209,237685.37,CASH_OUT,C128580162,0.0,0.0,C35823611,7053334.18,7291019.55,0,0
209,162960.64,CASH_OUT,C1369307659,0.0,0.0,C739538137,362077.94,525038.58,0,0
209,261300.34,CASH_OUT,C1570898949,0.0,0.0,C1407697981,5413622.23,5674922.58,0,0
209,11544.37,CASH_OUT,C463830842,31087.0,19542.63,C1664968849,0.0,11544.37,0,0
209,42411.67,CASH_OUT,C842204544,90090.0,47678.33,C627422995,2280749.45,2323161.12,0,0
209,47773.5,CASH_OUT,C1424989543,0.0,0.0,C1908914805,187535.78,235309.28,0,0
209,208931.99,CASH_OUT,C976031528,27215.0,0.0,C509441358,0.0,208931.99,0,0
209,240007.32,CASH_OUT,C1224608451,0.0,0.0,C143763527,829574.18,1069581.5,0,0
209,138635.2,CASH_OUT,C1703458594,0.0,0.0,C915888714,2789523.87,2928159.07,0,0
209,426400.44,CASH_OUT,C682393598,507409.0,81008.56,C1433868284,0.0,426400.44,0,0
209,134211.58,CASH_OUT,C1152460446,0.0,0.0,C900168231,164146.7,298358.27,0,0
209,38671.36,CASH_OUT,C1012530089,0.0,0.0,C1808264800,2216585.81,2255257.16,0,0
209,155121.84,CASH_OUT,C780682001,0.0,0.0,C2043617252,1804376.49,1959498.33,0,0
209,298761.95,CASH_OUT,C1451609720,0.0,0.0,C1361032256,831224.32,1129986.27,0,0
209,279859.0,CASH_OUT,C572856240,502491.0,222632.0,C585757467,18387.67,298246.67,0,0
209,144881.57,CASH_OUT,C323370587,29881.0,0.0,C163568972,0.0,144881.57,0,0
209,137047.16,CASH_OUT,C557414578,0.0,0.0,C1091141324,560923.53,697970.69,0,0
209,213861.37,CASH_OUT,C1717306349,19985.0,0.0,C1477812183,50163.43,264024.8,0,0
209,39340.9,CASH_OUT,C1995263867,0.0,0.0,C2030621959,267478.31,306819.21,0,0
209,59218.5,CASH_OUT,C1775708968,0.0,0.0,C2136573490,1004024.73,1063243.23,0,0
209,131365.75,CASH_OUT,C1464748928,0.0,0.0,C282849464,634637.34,766003.09,0,0
209,486163.62,CASH_OUT,C1198345885,0.0,0.0,C1684063944,1004534.31,1490697.93,0,0
209,55925.9,CASH_OUT,C1981586366,99020.0,43094.1,C568408389,0.0,55925.9,0,0
209,162275.58,CASH_OUT,C1266164033,37410.43,0.0,C1099519982,846865.0,1009140.58,0,0
209,425124.4,CASH_OUT,C1398901517,0.0,0.0,C703978339,2909495.51,3334619.91,0,0
209,146507.41,CASH_OUT,C1854586784,110653.0,0.0,C1357467583,427649.97,574157.38,0,0
209,86710.66,CASH_OUT,C779716989,11520.0,0.0,C2088923776,74410.87,161121.52,0,0
209,292983.87,CASH_OUT,C412817004,0.0,0.0,C1887656602,332146.62,625130.49,0,0
209,62776.84,CASH_OUT,C2012656082,12452.0,0.0,C172743531,0.0,62776.84,0,0
209,182901.69,CASH_OUT,C780279436,15097.0,0.0,C461448116,0.0,182901.69,0,0
209,308537.02,CASH_OUT,C1296702403,0.0,0.0,C2095453813,616164.57,924701.59,0,0
209,13208.34,CASH_OUT,C71582213,0.0,0.0,C14979056,2085102.19,2098310.53,0,0
209,71616.95,CASH_OUT,C1870258630,0.0,0.0,C693959260,1160523.7,1232140.64,0,0
209,168714.33,CASH_OUT,C771060054,313.0,0.0,C1129433354,1093742.92,1262457.25,0,0
209,10258.91,CASH_OUT,C1066588354,0.0,0.0,C1057424258,2567102.93,2577361.85,0,0
209,108556.55,CASH_OUT,C1830098524,0.0,0.0,C1925300085,2881222.21,2989778.76,0,0
209,58476.76,CASH_OUT,C903608084,10815.0,0.0,C731412590,0.0,58476.76,0,0
209,263140.02,CASH_OUT,C1120186318,0.0,0.0,C1314868262,548782.94,811922.95,0,0
209,633242.56,CASH_OUT,C1103005269,0.0,0.0,C1322586727,771076.5,1404319.06,0,0
209,283747.27,CASH_OUT,C1748341215,0.0,0.0,C854944008,1486701.75,1770449.02,0,0
209,422849.67,CASH_OUT,C734507284,59321.57,0.0,C2069134221,994708.31,1417557.97,0,0
209,464309.47,CASH_OUT,C1696663850,0.0,0.0,C1771117036,1192073.22,1656382.69,0,0
209,151999.91,CASH_OUT,C1850731798,0.0,0.0,C1703654949,312543.25,464543.16,0,0
209,99479.31,CASH_OUT,C1044530942,0.0,0.0,C1167350320,151102.28,250581.6,0,0
209,462158.93,CASH_OUT,C341684267,0.0,0.0,C1667263299,628859.86,1091018.79,0,0
209,151018.67,CASH_OUT,C1449458178,24876.0,0.0,C2115267600,0.0,151018.67,0,0
209,312009.05,CASH_OUT,C1703813829,25040.0,0.0,C656788141,550389.56,622014.02,0,0
209,356421.93,CASH_OUT,C1950567632,20884.0,0.0,C764046955,556135.8,912557.74,0,0
209,106313.11,CASH_OUT,C626628846,0.0,0.0,C327016356,8678239.11,8784552.23,0,0
209,34177.92,CASH_OUT,C926095545,0.0,0.0,C1206749493,92917.08,127095.0,0,0
209,199276.66,CASH_OUT,C94184218,8448.0,0.0,C2111431021,44193.86,243470.52,0,0
209,306615.62,CASH_OUT,C637963960,0.0,0.0,C1416621650,2569189.76,2875805.38,0,0
209,244865.55,CASH_OUT,C9532785,0.0,0.0,C1560528726,436651.07,681516.63,0,0
209,266220.11,CASH_OUT,C602676978,61475.0,0.0,C47494009,107333.41,373553.52,0,0
209,260633.37,CASH_OUT,C2134723068,0.0,0.0,C1835073543,982866.64,1243500.01,0,0
209,195745.99,CASH_OUT,C1094949328,0.0,0.0,C1687887623,412959.74,608705.73,0,0
209,461012.56,CASH_OUT,C509102692,21442.0,0.0,C1276333187,0.0,461012.56,0,0
209,237403.88,CASH_OUT,C1971290126,12243.0,0.0,C274356700,0.0,237403.88,0,0
209,168187.36,CASH_OUT,C1628016506,41092.0,0.0,C463096621,0.0,168187.36,0,0
209,81777.13,CASH_OUT,C967969785,0.0,0.0,C1111571043,1461626.18,1543403.31,0,0
209,99834.92,CASH_OUT,C1566765685,0.0,0.0,C1667438345,111681.64,211516.57,0,0
209,249998.55,CASH_OUT,C1107419517,0.0,0.0,C1089018594,1581206.16,1831204.71,0,0
209,54720.28,CASH_OUT,C1571148287,755.0,0.0,C1276835522,1350007.07,1404727.36,0,0
209,158901.06,CASH_OUT,C382459923,145522.0,0.0,C808503497,0.0,158901.06,0,0
209,14113.71,CASH_OUT,C855654664,0.0,0.0,C1822734281,28378.89,42492.59,0,0
209,64050.4,CASH_OUT,C1140951837,93286.0,29235.6,C1320773261,928095.25,992145.65,0,0
209,399429.34,CASH_OUT,C1948912655,0.0,0.0,C1339994998,2138361.43,2537790.77,0,0
209,126896.95,CASH_OUT,C266673819,17034.86,0.0,C1124505756,518454.81,645351.76,0,0
209,110149.52,CASH_OUT,C250676293,0.0,0.0,C1948789589,141175.25,251324.77,0,0
209,14451.79,CASH_OUT,C893060477,0.0,0.0,C1326995683,132024.24,146476.03,0,0
209,240612.29,CASH_OUT,C709484735,998.0,0.0,C1259443167,0.0,240612.29,0,0
209,206190.59,CASH_OUT,C1645668503,0.0,0.0,C215083639,1003574.69,1209765.28,0,0
209,148760.08,CASH_OUT,C312556707,0.0,0.0,C666900763,175623.44,324383.52,0,0
209,47245.6,CASH_OUT,C1356351389,0.0,0.0,C362638585,804676.34,851921.94,0,0
209,290906.43,CASH_OUT,C1054163550,23817.0,0.0,C1279291704,447578.74,738485.17,0,0
209,235635.68,CASH_OUT,C1829528839,126698.0,0.0,C2050013221,65032.81,300668.49,0,0
209,63142.75,CASH_OUT,C1470843016,0.0,0.0,C1753012569,371701.06,434843.82,0,0
209,235350.87,CASH_OUT,C1550159976,0.0,0.0,C1347793506,364807.04,600157.92,0,0
209,25193.54,CASH_OUT,C633472193,0.0,0.0,C607809649,560786.7,585980.24,0,0
209,81280.37,CASH_OUT,C1578222290,214.0,0.0,C506864863,738392.75,819673.12,0,0
209,188025.08,CASH_OUT,C1880728472,91778.0,0.0,C385838344,71779.6,259804.68,0,0
209,98480.73,CASH_OUT,C1896696194,713.0,0.0,C1359702199,165467.79,263948.51,0,0
209,228863.88,CASH_OUT,C1731944946,107169.0,0.0,C493093224,0.0,228863.88,0,0
209,28523.54,CASH_OUT,C549101460,70979.0,42455.46,C11809441,1446898.92,1475422.46,0,0
209,64561.6,CASH_OUT,C1072353472,10812.0,0.0,C616859399,0.0,64561.6,0,0
209,217215.84,CASH_OUT,C1940854529,323.0,0.0,C31230382,839763.94,1056979.78,0,0
209,235463.19,CASH_OUT,C405088626,0.0,0.0,C1136710089,938466.45,1173929.64,0,0
209,39250.24,CASH_OUT,C1338212084,20252.0,0.0,C1063203759,114290.27,153540.5,0,0
209,78907.32,CASH_OUT,C1637763091,0.0,0.0,C1729059756,119308.97,198216.29,0,0
209,3145.3,CASH_OUT,C161794965,0.0,0.0,C1748145657,94045.57,97190.87,0,0
209,195475.53,CASH_OUT,C999024710,0.0,0.0,C1435899467,570006.72,765482.25,0,0
209,284147.1,CASH_OUT,C1693200356,358362.0,74214.9,C1868816492,177007.09,461154.18,0,0
209,32597.61,CASH_OUT,C1414207815,0.0,0.0,C46090894,54495.87,87093.47,0,0
209,324484.87,CASH_OUT,C767934792,0.0,0.0,C703957828,8551340.15,8875825.03,0,0
209,113356.33,CASH_OUT,C867389774,3195.0,0.0,C1486405787,483253.16,596609.49,0,0
209,81301.45,CASH_OUT,C2059724970,0.0,0.0,C13683305,3252935.88,3334237.33,0,0
209,170976.57,CASH_OUT,C244734881,0.0,0.0,C11850748,209072.72,380049.29,0,0
209,182817.29,CASH_OUT,C979221886,58809.0,0.0,C800972621,964245.81,1147063.1,0,0
209,24498.23,CASH_OUT,C278562405,15995.68,0.0,C2055562259,25051580.62,25076078.84,0,0
209,3586.48,CASH_OUT,C1658047598,608.0,0.0,C1682721217,0.0,3586.48,0,0
209,157515.73,CASH_OUT,C371001714,23792.0,0.0,C1709739183,19260.12,176775.86,0,0
209,434959.7,CASH_OUT,C1631291002,0.0,0.0,C636996098,948178.62,1383138.32,0,0
209,256225.26,CASH_OUT,C547317264,154417.0,0.0,C302725767,1095879.8,1352105.06,0,0
209,285600.47,CASH_OUT,C1507241901,0.0,0.0,C122396973,2543546.75,2829147.22,0,0
209,88995.76,CASH_OUT,C1602447683,0.0,0.0,C809883352,5148068.9,5237064.66,0,0
209,59720.42,CASH_OUT,C2113848586,0.0,0.0,C1668814034,118869.42,178589.84,0,0
209,112017.45,CASH_OUT,C1193115686,0.0,0.0,C764261020,252293.31,364310.76,0,0
209,64859.0,CASH_OUT,C213876545,782761.0,717902.0,C2003881648,4431771.8,4496630.8,0,0
209,47927.64,CASH_OUT,C746272004,0.0,0.0,C117280602,7178961.87,7226889.51,0,0
209,205640.08,CASH_OUT,C504258049,166.0,0.0,C1490636611,356209.42,561849.49,0,0
209,125839.82,CASH_OUT,C473104884,0.0,0.0,C762207256,759059.49,884899.31,0,0
209,18495.46,CASH_OUT,C2034027274,130450.0,111954.54,C1429433599,23377.86,41873.33,0,0
209,167096.89,CASH_OUT,C799205795,10053.0,0.0,C255038779,263851.39,430948.28,0,0
209,56871.37,CASH_OUT,C1554463614,170674.0,113802.63,C1209541226,169272.7,226144.07,0,0
209,247278.29,CASH_OUT,C1958828888,0.0,0.0,C536529279,751144.86,998423.16,0,0
209,212708.7,CASH_OUT,C724950191,0.0,0.0,C1440114352,4821441.98,5034150.68,0,0
209,194612.63,CASH_OUT,C1298522377,126.0,0.0,C1548690294,0.0,194612.63,0,0
209,144800.82,CASH_OUT,C1375453904,0.0,0.0,C76455242,201020.76,345821.57,0,0
209,107092.56,CASH_OUT,C980978800,3916.54,0.0,C329961532,139496.33,246588.89,0,0
209,20850.35,CASH_OUT,C914081509,0.0,0.0,C1506027432,12758742.04,12779592.39,0,0
209,101691.84,CASH_OUT,C1710209488,0.0,0.0,C166492870,34215313.56,34317005.4,0,0
209,37750.32,CASH_OUT,C954909927,14944.0,0.0,C1836773648,0.0,37750.32,0,0
209,31077.39,CASH_OUT,C458516962,0.0,0.0,C1078837458,277361.73,308439.12,0,0
209,36793.51,CASH_OUT,C771123279,25289.0,0.0,C1634977139,1145749.98,1182543.5,0,0
209,467477.8,CASH_OUT,C840841813,0.0,0.0,C1548713699,2761914.96,3229392.76,0,0
209,186007.17,CASH_OUT,C902123932,34174.0,0.0,C1005105694,0.0,186007.17,0,0
209,59070.03,CASH_OUT,C972548249,0.0,0.0,C1849222340,303601.28,362671.31,0,0
209,269145.56,CASH_OUT,C950051896,0.0,0.0,C751589487,4469473.18,4738618.74,0,0
209,114054.78,CASH_OUT,C1223823536,0.0,0.0,C686230979,1854186.48,1968241.26,0,0
209,142741.63,CASH_OUT,C2001405997,0.0,0.0,C355142143,147684.23,290425.86,0,0
209,222520.62,CASH_OUT,C30082036,0.0,0.0,C2098758064,296378.28,518898.91,0,0
209,27156.08,CASH_OUT,C369347507,0.0,0.0,C763126656,13267437.94,13294594.02,0,0
209,332959.4,CASH_OUT,C1918058679,60896.0,0.0,C1874333439,0.0,332959.4,0,0
209,169463.18,CASH_OUT,C704217746,0.0,0.0,C1594788396,2159228.94,2328692.13,0,0
209,68238.61,CASH_OUT,C397652328,52432.0,0.0,C282628279,0.0,68238.61,0,0
209,112128.59,CASH_OUT,C2053524758,41097.0,0.0,C867939044,0.0,112128.59,0,0
209,203242.13,CASH_OUT,C1525633688,0.0,0.0,C359390348,225741.05,428983.17,0,0
209,209301.66,CASH_OUT,C1464674528,0.0,0.0,C1880206828,802953.05,1012254.71,0,0
209,175902.0,CASH_OUT,C366627196,695016.0,519114.0,C1274135402,56717.9,232619.9,0,0
209,196560.17,CASH_OUT,C1800731991,777.79,0.0,C167725899,1874072.53,2070632.7,0,0
209,72568.02,CASH_OUT,C579904336,0.0,0.0,C1381429319,184508.66,257076.69,0,0
209,89362.73,CASH_OUT,C1888590793,11149.0,0.0,C109053045,260580.63,349943.36,0,0
209,29112.14,CASH_OUT,C1221051794,0.0,0.0,C1093833381,1573306.16,1602418.3,0,0
209,22968.32,CASH_OUT,C1162137685,9148.0,0.0,C2047373618,4731551.67,4754519.99,0,0
209,368778.82,CASH_OUT,C90359064,134.0,0.0,C1320482982,996446.99,1365225.81,0,0
209,145950.15,CASH_OUT,C1359606994,105914.0,0.0,C402331524,2092781.03,2238731.18,0,0
209,111417.98,CASH_OUT,C43509800,6562.0,0.0,C1775256782,0.0,111417.98,0,0
209,149743.63,CASH_OUT,C1700578954,0.0,0.0,C1647261549,367930.19,517673.81,0,0
209,22014.98,CASH_OUT,C1005747178,0.0,0.0,C1859383396,2407627.77,2429642.76,0,0
209,34616.92,CASH_OUT,C1195231033,0.0,0.0,C2046699097,243691.33,278308.25,0,0
209,113658.79,CASH_OUT,C1846103087,907.0,0.0,C576350822,10677942.78,10791601.57,0,0
209,113044.56,CASH_OUT,C2003339107,50877.0,0.0,C1723444311,67213.57,180258.13,0,0
209,500927.58,CASH_OUT,C303783811,444.0,0.0,C1904282626,114.03,501041.6,0,0
209,140051.59,CASH_OUT,C564642975,0.0,0.0,C1071289772,1474731.34,1614782.93,0,0
209,58733.13,CASH_OUT,C637497922,0.0,0.0,C1184444477,295276.48,354009.61,0,0
209,291008.74,CASH_OUT,C1679427433,544744.0,253735.26,C761823270,1093090.65,1384099.38,0,0
209,142717.21,CASH_OUT,C1501780023,0.0,0.0,C220480254,3970088.39,4112805.6,0,0
209,49625.89,CASH_OUT,C1257073068,16724.0,0.0,C225796850,428121.46,477747.35,0,0
209,102897.81,CASH_OUT,C378103653,34736.0,0.0,C1275086728,1644237.21,1747135.02,0,0
209,57728.76,CASH_OUT,C1089741740,52411.0,0.0,C927086085,0.0,57728.76,0,0
209,404632.57,CASH_OUT,C1374201185,10362.0,0.0,C1284501445,0.0,404632.57,0,0
209,37636.07,CASH_OUT,C1647268592,38244.0,607.93,C666886780,0.0,37636.07,0,0
209,347351.12,CASH_OUT,C1059286832,11620.0,0.0,C1387040564,11389935.41,12000045.6,0,0
209,180952.93,CASH_OUT,C1366401671,0.0,0.0,C273204784,2809471.3,2990424.22,0,0
209,90110.02,CASH_OUT,C27639128,166.0,0.0,C1970195557,202531.03,292641.05,0,0
209,270157.13,CASH_OUT,C1187196661,0.0,0.0,C1809709987,466596.09,736753.22,0,0
209,43439.85,CASH_OUT,C199126677,0.0,0.0,C437665073,432401.63,475841.48,0,0
209,13642.5,CASH_OUT,C1032276138,14248.0,605.5,C1290557627,0.0,13642.5,0,0
209,65885.86,CASH_OUT,C53810479,0.0,0.0,C1424850003,233401.58,299287.44,0,0
209,126585.8,CASH_OUT,C1861488225,0.0,0.0,C786746625,696769.3,823355.1,0,0
209,204514.73,CASH_OUT,C1338815672,0.0,0.0,C607606574,3475134.26,3679648.99,0,0
209,81922.25,CASH_OUT,C145559961,47748.0,0.0,C443017544,0.0,81922.25,0,0
209,286697.46,CASH_OUT,C726129434,0.0,0.0,C190702631,546627.65,833325.11,0,0
209,344309.46,CASH_OUT,C1444040562,350.0,0.0,C1537812383,1612553.0,1956862.46,0,0
209,67365.96,CASH_OUT,C47832893,0.0,0.0,C1575083932,139660.48,207026.44,0,0
209,110240.22,CASH_OUT,C856993455,168.0,0.0,C1221747792,314010.24,424250.46,0,0
209,157421.04,CASH_OUT,C326829681,199318.0,41896.96,C1012839161,20040.6,177461.64,0,0
209,170028.97,CASH_OUT,C1832253113,0.0,0.0,C708992245,4013004.99,4183033.96,0,0
209,44044.92,CASH_OUT,C271067628,0.0,0.0,C15212870,211783.56,255828.48,0,0
209,198035.71,CASH_OUT,C1428006414,10862.0,0.0,C1168892320,0.0,198035.71,0,0
209,231473.43,CASH_OUT,C913658463,0.0,0.0,C402964058,513432.55,744905.99,0,0
209,77676.58,CASH_OUT,C1384937846,0.0,0.0,C1959074210,473708.79,551385.37,0,0
209,179578.31,CASH_OUT,C390669503,757.0,0.0,C1459218566,489300.45,668878.76,0,0
209,416806.76,CASH_OUT,C1797793860,342.0,0.0,C2109902133,0.0,416806.76,0,0
209,128964.48,CASH_OUT,C1533552302,12090.0,0.0,C1521604059,29666.39,158630.87,0,0
209,360379.89,CASH_OUT,C1271103149,0.0,0.0,C1935994867,561025.2,921405.09,0,0
209,119408.32,CASH_OUT,C150159120,0.0,0.0,C1747148542,683537.9,802946.22,0,0
209,274969.8,CASH_OUT,C1946418300,0.0,0.0,C1299690842,1945805.08,2220774.88,0,0
209,189971.68,CASH_OUT,C593328786,0.0,0.0,C1693825913,6908658.63,7098630.32,0,0
209,357731.79,CASH_OUT,C1562675575,5182.0,0.0,C492007179,71265.86,428997.65,0,0
209,43095.31,CASH_OUT,C1957217717,0.0,0.0,C491586002,361215.96,404311.27,0,0
209,154566.7,CASH_OUT,C1970928468,0.0,0.0,C253937523,231284.59,385851.29,0,0
209,250066.52,CASH_OUT,C908555656,0.0,0.0,C1932176421,1166540.06,1416606.58,0,0
209,56659.68,CASH_OUT,C135990532,11039.0,0.0,C509487946,224938.0,281597.68,0,0
209,100737.64,CASH_OUT,C1353123838,25.0,0.0,C1118186074,0.0,100737.64,0,0
209,23947.31,CASH_OUT,C854944847,0.0,0.0,C1433007346,274710.34,298657.65,0,0
209,133792.74,CASH_OUT,C599794277,575.0,0.0,C1418126774,5676538.28,5810331.02,0,0
209,10002.9,CASH_OUT,C837995492,0.0,0.0,C1009876530,428369.98,438372.88,0,0
209,184823.86,CASH_OUT,C1885172262,301944.55,117120.69,C1495225575,0.0,184823.86,0,0
209,53068.1,CASH_OUT,C304490683,0.0,0.0,C326953671,527136.76,580204.86,0,0
209,100708.16,CASH_OUT,C531476114,515.0,0.0,C1554507902,0.0,100708.16,0,0
209,198356.75,CASH_OUT,C2001022829,0.0,0.0,C1249428572,835203.97,1033560.72,0,0
209,298834.73,CASH_OUT,C588929745,0.0,0.0,C1906950362,1839506.86,2138341.59,0,0
209,238429.86,CASH_OUT,C807216374,0.0,0.0,C786513928,323427.03,561856.89,0,0
209,198919.24,CASH_OUT,C2007580135,24522.0,0.0,C659888912,0.0,198919.24,0,0
209,423897.16,CASH_OUT,C666913891,0.0,0.0,C1716683634,1301747.98,1725645.14,0,0
209,1283.76,CASH_OUT,C2041553733,236713.86,235430.1,C979614518,67612.78,68896.54,0,0
209,61813.07,CASH_OUT,C226863163,44984.0,0.0,C1026434853,8128353.32,8190166.39,0,0
209,110227.22,CASH_OUT,C70095200,0.0,0.0,C318377875,202820.78,313048.0,0,0
209,133661.8,CASH_OUT,C1372203574,0.0,0.0,C156347146,897021.0,1030682.8,0,0
209,92089.93,CASH_OUT,C357648543,458779.0,366689.07,C1789894231,0.0,92089.93,0,0
209,134044.08,CASH_OUT,C1175379949,0.0,0.0,C888611088,1962642.35,3524728.69,0,0
209,148664.83,CASH_OUT,C1019109115,0.0,0.0,C940159462,3032693.27,3181358.11,0,0
209,292647.08,CASH_OUT,C410277874,158988.0,0.0,C1834424284,0.0,292647.08,0,0
209,217229.85,CASH_OUT,C396104721,0.0,0.0,C1412246105,3645542.06,3862771.91,0,0
209,157478.68,CASH_OUT,C1927640080,5092.0,0.0,C1338091277,4992.66,162471.35,0,0
209,86114.14,CASH_OUT,C1172413485,203.0,0.0,C251503397,0.0,86114.14,0,0
209,355590.63,CASH_OUT,C5431352,0.0,0.0,C351394592,5109359.06,5464949.69,0,0
209,142599.8,CASH_OUT,C1507576466,0.0,0.0,C1896758088,163398.02,305997.82,0,0
209,238057.96,CASH_OUT,C1024192699,0.0,0.0,C1677262317,8409824.12,8647882.09,0,0
209,178143.17,CASH_OUT,C275960788,0.0,0.0,C1874009740,335415.98,513559.15,0,0
209,152836.09,CASH_OUT,C440452202,153.0,0.0,C505285693,9735.97,162572.06,0,0
209,100889.33,CASH_OUT,C807657225,137036.0,36146.67,C874777766,0.0,100889.33,0,0
209,55338.44,CASH_OUT,C1541847081,0.0,0.0,C1030529184,446084.57,501423.01,0,0
209,81800.41,CASH_OUT,C493662234,0.0,0.0,C527400154,144616.51,226416.92,0,0
209,320869.92,CASH_OUT,C1633797682,0.0,0.0,C259872796,432772.38,753642.29,0,0
209,212770.19,CASH_OUT,C1619303117,167437.0,0.0,C1911420883,0.0,212770.19,0,0
209,29159.3,CASH_OUT,C1211668751,1054.0,0.0,C1096699493,138873.78,168033.08,0,0
209,120870.94,CASH_OUT,C1481629521,15412.0,0.0,C282183516,0.0,120870.94,0,0
209,169286.07,CASH_OUT,C449421881,0.0,0.0,C1120137660,1698430.73,1867716.8,0,0
209,88315.16,CASH_OUT,C1850399690,0.0,0.0,C393217947,2522786.49,2611101.65,0,0
209,335271.08,CASH_OUT,C1254505252,19650.0,0.0,C1258390756,12072.31,347343.4,0,0
209,169916.53,CASH_OUT,C1981454994,10196.0,0.0,C358450783,0.0,169916.53,0,0
209,124219.98,CASH_OUT,C1972739997,0.0,0.0,C652989110,732114.6,856334.58,0,0
209,41171.27,CASH_OUT,C959613522,244740.71,203569.44,C1357949507,1523564.06,1564735.33,0,0
209,735.88,CASH_OUT,C1833475980,8500.0,7764.12,C823786847,7810214.6,7810950.48,0,0
209,102359.2,CASH_OUT,C123857928,0.0,0.0,C953687372,1372005.55,1474364.75,0,0
209,1516823.73,CASH_OUT,C1090892452,1516823.73,0.0,C657813915,386329.46,1903153.19,1,0
209,34727.45,CASH_OUT,C1036862964,0.0,0.0,C374967360,309418.67,344146.12,0,0
209,132916.24,CASH_OUT,C1083226913,53067.0,0.0,C926132108,0.0,132916.24,0,0
209,76515.96,CASH_OUT,C1843958457,22369.0,0.0,C644408195,0.0,76515.96,0,0
209,145382.44,CASH_OUT,C1310465097,0.0,0.0,C515500986,721405.75,866788.19,0,0
209,144243.33,CASH_OUT,C1905220418,343840.0,199596.67,C94678949,73160.0,217403.34,0,0
209,267864.55,CASH_OUT,C1390661404,61486.02,0.0,C1096227682,1159864.52,1427729.07,0,0
209,44395.11,CASH_OUT,C1903769100,0.0,0.0,C481509198,100870.32,145265.43,0,0
209,52855.93,CASH_OUT,C380508413,49991.0,0.0,C51970785,1037605.24,1090461.16,0,0
209,12980.38,CASH_OUT,C1647733130,0.0,0.0,C1428481488,87794.55,100774.93,0,0
209,272068.83,CASH_OUT,C1241017539,298.0,0.0,C754053208,3570343.24,3842412.08,0,0
209,118760.87,CASH_OUT,C136701298,77130.0,0.0,C570609842,1256365.99,1375126.86,0,0
209,243612.05,CASH_OUT,C1609741979,0.0,0.0,C1510405270,6573721.46,6817333.51,0,0
209,165394.13,CASH_OUT,C1798053407,137.0,0.0,C1751514616,926929.2,1092323.34,0,0
209,47146.15,CASH_OUT,C641041947,0.0,0.0,C1113438557,63294.27,110440.42,0,0
209,38937.23,CASH_OUT,C1006023311,41911.0,2973.77,C1994884138,144872.71,183809.94,0,0
209,32164.62,CASH_OUT,C324780469,0.0,0.0,C690433073,529796.23,561960.85,0,0
209,225310.47,CASH_OUT,C537283836,2270.0,0.0,C2020598555,49617.72,274928.18,0,0
209,81505.41,CASH_OUT,C1742849456,19390.0,0.0,C1601734335,0.0,81505.41,0,0
209,54641.66,CASH_OUT,C1372411595,0.0,0.0,C1293730363,588636.7,643278.36,0,0
209,13262.61,CASH_OUT,C204893942,22517.0,9254.39,C654057283,88189.44,101452.05,0,0
209,161289.52,CASH_OUT,C1898024869,0.0,0.0,C861985771,3330795.24,3492084.77,0,0
209,158831.11,CASH_OUT,C583757599,0.0,0.0,C1160828595,11255652.77,11414483.88,0,0
209,143832.52,CASH_OUT,C982725965,56402.0,0.0,C1566301392,166796.78,310629.3,0,0
209,34646.42,CASH_OUT,C94262905,61911.0,27264.58,C2077993064,1558233.26,1592879.68,0,0
209,93540.76,CASH_OUT,C1812630852,0.0,0.0,C198911229,296980.72,390521.49,0,0
209,87145.52,CASH_OUT,C373601044,0.0,0.0,C1469656123,1357168.44,1444313.96,0,0
209,210821.88,CASH_OUT,C22941878,16187.0,0.0,C1618288036,260487.66,471309.53,0,0
209,17344.51,CASH_OUT,C1519623605,0.0,0.0,C392462303,65855.69,83200.2,0,0
209,115926.89,CASH_OUT,C1748546727,25901.0,0.0,C1162968439,0.0,115926.89,0,0
209,220733.96,CASH_OUT,C923970857,0.0,0.0,C1844671454,1080252.0,1300985.95,0,0
209,55301.62,CASH_OUT,C670486885,0.0,0.0,C772219688,120411.94,175713.55,0,0
209,159478.44,CASH_OUT,C2078578412,101180.0,0.0,C1524916989,919048.69,1078527.13,0,0
209,145125.89,CASH_OUT,C524482240,18976.0,0.0,C537887277,0.0,145125.89,0,0
209,298316.53,CASH_OUT,C988709395,58908.0,0.0,C1035822795,3095282.95,3393599.48,0,0
209,438017.82,CASH_OUT,C312186425,11899.0,0.0,C1634928577,179530.72,617548.54,0,0
209,73330.35,CASH_OUT,C936825365,0.0,0.0,C1346067945,7121407.86,7194738.21,0,0
209,27962.08,CASH_OUT,C65597058,0.0,0.0,C131129476,1424525.77,1452487.85,0,0
209,136535.12,CASH_OUT,C1491761753,0.0,0.0,C2096898696,712347.75,848882.87,0,0
209,2311.29,DEBIT,C744841117,22188.0,19876.71,C440282916,1480553.48,1482864.77,0,0
209,1272.26,DEBIT,C2084012781,0.0,0.0,C1929400635,861740.19,863012.45,0,0
209,1341.14,DEBIT,C814772410,0.0,0.0,C1022984663,292826.96,294168.1,0,0
209,1111.15,DEBIT,C799274797,0.0,0.0,C2120200066,28647.03,29758.18,0,0
209,1631.5,DEBIT,C130348617,69335.0,67703.5,C876137023,2200451.44,2202082.94,0,0
209,1908.09,DEBIT,C1788367289,94866.0,92957.91,C667535948,5098445.35,5100353.43,0,0
209,7556.14,PAYMENT,C974625702,0.0,0.0,M593842567,0.0,0.0,0,0
209,623.8,PAYMENT,C554773819,329298.09,328674.29,M1399793778,0.0,0.0,0,0
209,19915.06,PAYMENT,C1858523698,35202.0,15286.94,M360767525,0.0,0.0,0,0
209,1916.92,PAYMENT,C1267624524,405157.0,403240.08,M1242284043,0.0,0.0,0,0
209,6678.74,PAYMENT,C1948635930,174185.56,167506.82,M2015196073,0.0,0.0,0,0
209,11808.82,PAYMENT,C581950675,44339.7,32530.89,M1294849893,0.0,0.0,0,0
209,12950.67,PAYMENT,C1037952965,52127.0,39176.33,M200698760,0.0,0.0,0,0
209,3225.89,PAYMENT,C1937111104,0.0,0.0,M635500027,0.0,0.0,0,0
209,4087.13,PAYMENT,C502226861,124806.75,120719.61,M908806942,0.0,0.0,0,0
209,7035.49,PAYMENT,C304723930,0.0,0.0,M812767718,0.0,0.0,0,0
209,6702.3,PAYMENT,C1541459520,147898.0,141195.7,M892637033,0.0,0.0,0,0
209,833.34,PAYMENT,C1569970937,0.0,0.0,M6952553,0.0,0.0,0,0
209,8380.26,PAYMENT,C1713218745,77334.34,68954.09,M2126399642,0.0,0.0,0,0
209,8532.75,PAYMENT,C329165601,1418.0,0.0,M1466962378,0.0,0.0,0,0
209,9517.68,PAYMENT,C1384846937,87169.94,77652.25,M415672298,0.0,0.0,0,0
209,6331.74,PAYMENT,C1648673352,0.0,0.0,M1661805139,0.0,0.0,0,0
209,8772.42,PAYMENT,C1891659778,0.0,0.0,M1764544078,0.0,0.0,0,0
209,3469.54,PAYMENT,C1940871795,114565.0,111095.46,M1632218611,0.0,0.0,0,0
209,11307.91,PAYMENT,C472539653,33278.0,21970.09,M728194222,0.0,0.0,0,0
209,1416.87,PAYMENT,C1822456397,91156.0,89739.13,M2022909157,0.0,0.0,0,0
209,17237.38,PAYMENT,C1095251457,155062.0,137824.62,M1780250782,0.0,0.0,0,0
209,59.22,PAYMENT,C1458970274,373609.36,373550.15,M1619394542,0.0,0.0,0,0
209,6103.81,PAYMENT,C1838668525,129903.0,123799.19,M2010523282,0.0,0.0,0,0
209,1710.42,PAYMENT,C137626938,44669.34,42958.92,M1962922539,0.0,0.0,0,0
209,11507.98,PAYMENT,C736637997,0.0,0.0,M1766348576,0.0,0.0,0,0
209,559.04,PAYMENT,C1809842629,0.0,0.0,M1643443726,0.0,0.0,0,0
209,4848.04,PAYMENT,C1283924027,11394.7,6546.67,M1751288116,0.0,0.0,0,0
209,20389.09,PAYMENT,C364630349,0.0,0.0,M1017378499,0.0,0.0,0,0
209,2780.46,PAYMENT,C666137003,4113.0,1332.54,M626432139,0.0,0.0,0,0
209,11999.83,PAYMENT,C1535320798,42595.0,30595.17,M360214461,0.0,0.0,0,0
209,17024.91,PAYMENT,C1731087323,5755.0,0.0,M68824165,0.0,0.0,0,0
209,7388.26,PAYMENT,C767258249,0.0,0.0,M2113029121,0.0,0.0,0,0
209,9011.07,PAYMENT,C1765428027,30773.0,21761.93,M512509860,0.0,0.0,0,0
209,3789.11,PAYMENT,C1424149794,355923.0,352133.89,M300129481,0.0,0.0,0,0
209,7180.76,PAYMENT,C1045435688,6079.23,0.0,M1080466196,0.0,0.0,0,0
209,11129.32,PAYMENT,C310294169,382467.87,371338.55,M1287848143,0.0,0.0,0,0
209,7731.85,PAYMENT,C1168403886,17360.0,9628.15,M895992226,0.0,0.0,0,0
209,904.46,PAYMENT,C1207748411,0.0,0.0,M504390854,0.0,0.0,0,0
209,16836.73,PAYMENT,C1785647785,0.0,0.0,M573982731,0.0,0.0,0,0
209,41397.86,PAYMENT,C1424218276,0.0,0.0,M1895487674,0.0,0.0,0,0
209,4425.23,PAYMENT,C1961731670,0.0,0.0,M637674442,0.0,0.0,0,0
209,3038.7,PAYMENT,C862912597,72.0,0.0,M691524194,0.0,0.0,0,0
209,11104.22,PAYMENT,C2055152842,127439.0,116334.78,M1720855308,0.0,0.0,0,0
209,7846.88,PAYMENT,C1700694809,100654.02,92807.13,M1116256491,0.0,0.0,0,0
209,8553.27,PAYMENT,C2058117855,106390.0,97836.73,M131011714,0.0,0.0,0,0
209,10637.63,PAYMENT,C132214645,0.0,0.0,M2144492227,0.0,0.0,0,0
209,14165.47,PAYMENT,C1584407609,0.0,0.0,M1913849185,0.0,0.0,0,0
209,36283.85,PAYMENT,C1731359478,0.0,0.0,M1836080532,0.0,0.0,0,0
209,8422.11,PAYMENT,C830375564,31562.0,23139.89,M1170082896,0.0,0.0,0,0
209,5945.73,PAYMENT,C332692102,0.0,0.0,M1538091770,0.0,0.0,0,0
209,3650.46,PAYMENT,C405736123,0.0,0.0,M1942225911,0.0,0.0,0,0
209,3485.19,PAYMENT,C1012376829,0.0,0.0,M319233645,0.0,0.0,0,0
209,13426.18,PAYMENT,C1837785038,0.0,0.0,M514097987,0.0,0.0,0,0
209,30072.8,PAYMENT,C756588344,0.0,0.0,M735565225,0.0,0.0,0,0
209,10098.66,PAYMENT,C730005321,198695.13,188596.47,M1449171994,0.0,0.0,0,0
209,5586.4,PAYMENT,C2073848406,28135.09,22548.69,M1531662886,0.0,0.0,0,0
209,2894.27,PAYMENT,C1965487602,0.0,0.0,M1464706144,0.0,0.0,0,0
209,5494.09,PAYMENT,C1072912855,2909.1,0.0,M530619490,0.0,0.0,0,0
209,10381.06,PAYMENT,C234780974,70335.0,59953.94,M442755940,0.0,0.0,0,0
209,7084.65,PAYMENT,C1233224978,178259.61,171174.96,M1564306065,0.0,0.0,0,0
209,15475.66,PAYMENT,C680141870,276919.1,261443.44,M2015646549,0.0,0.0,0,0
209,6912.67,PAYMENT,C146998625,60964.0,54051.33,M636469543,0.0,0.0,0,0
209,4035.99,PAYMENT,C887270168,5036.0,1000.01,M1909702457,0.0,0.0,0,0
209,7303.98,PAYMENT,C1672253105,26497.98,19194.0,M1395384532,0.0,0.0,0,0
209,7696.03,PAYMENT,C1805567232,72546.67,64850.64,M1156114842,0.0,0.0,0,0
209,8785.48,PAYMENT,C2076737516,314.0,0.0,M1198655076,0.0,0.0,0,0
209,12993.03,PAYMENT,C1066967605,0.0,0.0,M1305997914,0.0,0.0,0,0
209,3171.55,PAYMENT,C173079595,0.0,0.0,M1198991837,0.0,0.0,0,0
209,5377.28,PAYMENT,C1473692212,0.0,0.0,M1487996409,0.0,0.0,0,0
209,13649.26,PAYMENT,C794195321,15036.0,1386.74,M834116993,0.0,0.0,0,0
209,4792.92,PAYMENT,C348460787,278191.77,273398.84,M585431094,0.0,0.0,0,0
209,18761.6,PAYMENT,C1554273131,0.0,0.0,M178107019,0.0,0.0,0,0
209,6582.74,PAYMENT,C876732704,265762.0,259179.26,M971184573,0.0,0.0,0,0
209,9595.76,PAYMENT,C816530012,120735.0,111139.24,M2110150121,0.0,0.0,0,0
209,9279.85,PAYMENT,C1972536193,0.0,0.0,M1170828690,0.0,0.0,0,0
209,7036.42,PAYMENT,C2084601774,272661.53,265625.1,M2020958762,0.0,0.0,0,0
209,18569.56,PAYMENT,C998450726,101022.0,82452.44,M394043937,0.0,0.0,0,0
209,1754.43,PAYMENT,C495881277,164592.69,162838.26,M1831509972,0.0,0.0,0,0
209,8390.27,PAYMENT,C1888991510,136487.38,128097.11,M1411169034,0.0,0.0,0,0
209,48913.7,PAYMENT,C293640266,11016.71,0.0,M1366088552,0.0,0.0,0,0
209,6633.32,PAYMENT,C1272751038,54532.0,47898.68,M691927064,0.0,0.0,0,0
209,2216.28,PAYMENT,C1959705094,183175.97,180959.69,M1017443143,0.0,0.0,0,0
209,17880.21,PAYMENT,C2063137288,77109.44,59229.23,M184527932,0.0,0.0,0,0
209,11372.7,PAYMENT,C108696659,6497.0,0.0,M1557469313,0.0,0.0,0,0
209,2587.07,PAYMENT,C1617997325,0.0,0.0,M871944783,0.0,0.0,0,0
209,2731.96,PAYMENT,C141754731,3128.0,396.04,M67879166,0.0,0.0,0,0
209,14118.84,PAYMENT,C1251296386,200993.0,186874.16,M2023129729,0.0,0.0,0,0
209,1384.82,PAYMENT,C576233393,60483.0,59098.18,M874585149,0.0,0.0,0,0
209,14643.44,PAYMENT,C23010507,193245.05,178601.61,M177339146,0.0,0.0,0,0
209,6251.03,PAYMENT,C882419071,11673.0,5421.97,M311120362,0.0,0.0,0,0
209,3012.47,PAYMENT,C2015004086,0.0,0.0,M1355139033,0.0,0.0,0,0
209,4404.58,PAYMENT,C1119820287,0.0,0.0,M619523841,0.0,0.0,0,0
209,4256.16,PAYMENT,C1139652725,168035.0,163778.84,M1912543417,0.0,0.0,0,0
209,9780.77,PAYMENT,C229039614,76506.0,66725.23,M217255992,0.0,0.0,0,0
209,2297.6,PAYMENT,C1596047163,62893.73,60596.13,M1873231402,0.0,0.0,0,0
209,1365.43,PAYMENT,C1136487186,265610.34,264244.92,M927231864,0.0,0.0,0,0
209,717.12,PAYMENT,C124040938,164020.0,163302.88,M419397544,0.0,0.0,0,0
209,6324.94,PAYMENT,C111514423,0.0,0.0,M253926628,0.0,0.0,0,0
209,794.8,PAYMENT,C1132733341,0.0,0.0,M1084342269,0.0,0.0,0,0
209,335.46,PAYMENT,C706430233,253746.84,253411.38,M21820405,0.0,0.0,0,0
209,5533.81,PAYMENT,C471303632,0.0,0.0,M2001566976,0.0,0.0,0,0
209,7142.73,PAYMENT,C793409050,0.0,0.0,M1884353096,0.0,0.0,0,0
209,1239.37,PAYMENT,C1880055344,0.0,0.0,M1850780251,0.0,0.0,0,0
209,1697.01,PAYMENT,C303764301,7059.0,5361.99,M222497966,0.0,0.0,0,0
209,8879.07,PAYMENT,C370892690,216.0,0.0,M991481458,0.0,0.0,0,0
209,6151.78,PAYMENT,C1010025846,23310.0,17158.22,M762663041,0.0,0.0,0,0
209,6729.61,PAYMENT,C2021577162,32305.0,25575.39,M699751494,0.0,0.0,0,0
209,20196.62,PAYMENT,C2121606060,0.0,0.0,M1426089440,0.0,0.0,0,0
209,23733.25,PAYMENT,C1677441704,0.0,0.0,M393251751,0.0,0.0,0,0
209,10721.09,PAYMENT,C637031388,258686.0,247964.91,M499660193,0.0,0.0,0,0
209,2495.94,PAYMENT,C1016869723,156666.14,154170.2,M789552986,0.0,0.0,0,0
209,3579.24,PAYMENT,C1490438896,20656.0,17076.76,M1623050259,0.0,0.0,0,0
209,7608.16,PAYMENT,C1211206574,695.0,0.0,M1417932445,0.0,0.0,0,0
209,7692.22,PAYMENT,C315975288,0.0,0.0,M204179552,0.0,0.0,0,0
209,12490.53,PAYMENT,C390662661,61561.0,49070.47,M279114423,0.0,0.0,0,0
209,150.44,PAYMENT,C936202789,12051.0,11900.56,M1428824643,0.0,0.0,0,0
209,21442.89,PAYMENT,C859816426,0.0,0.0,M821409935,0.0,0.0,0,0
209,2749.97,PAYMENT,C1432832949,90108.0,87358.03,M2033482662,0.0,0.0,0,0
209,13721.95,PAYMENT,C540461471,56588.22,42866.27,M1228255377,0.0,0.0,0,0
209,9559.3,PAYMENT,C910720918,17774.56,8215.26,M1398390232,0.0,0.0,0,0
209,4393.89,PAYMENT,C609108599,471486.0,467092.11,M1516681184,0.0,0.0,0,0
209,1522.3,PAYMENT,C1558801895,74578.0,73055.7,M583008042,0.0,0.0,0,0
209,17160.53,PAYMENT,C441425546,19371.0,2210.47,M1306742117,0.0,0.0,0,0
209,591.48,PAYMENT,C708283829,15599.0,15007.52,M757261696,0.0,0.0,0,0
209,17880.37,PAYMENT,C1672857739,0.0,0.0,M1307744219,0.0,0.0,0,0
209,1198.75,PAYMENT,C937296900,617201.0,616002.25,M1457014272,0.0,0.0,0,0
209,14837.14,PAYMENT,C1544593873,57884.53,43047.38,M1414896699,0.0,0.0,0,0
209,8798.09,PAYMENT,C368810291,34072.88,25274.79,M1710109194,0.0,0.0,0,0
209,1941.1,PAYMENT,C178264858,0.0,0.0,M1639847411,0.0,0.0,0,0
209,21490.26,PAYMENT,C292844,24478.0,2987.74,M101546821,0.0,0.0,0,0
209,11664.73,PAYMENT,C1493567026,0.0,0.0,M1486610776,0.0,0.0,0,0
209,2615.16,PAYMENT,C288017410,9514.0,6898.84,M759632219,0.0,0.0,0,0
209,13942.01,PAYMENT,C533323450,0.0,0.0,M764638872,0.0,0.0,0,0
209,4885.05,PAYMENT,C456901466,20824.0,15938.95,M1370271886,0.0,0.0,0,0
209,5369.24,PAYMENT,C1208855458,200618.0,195248.76,M837839121,0.0,0.0,0,0
209,7976.12,PAYMENT,C89291101,78808.81,70832.69,M1940205658,0.0,0.0,0,0
209,4424.88,PAYMENT,C190187843,59229.23,54804.35,M971791666,0.0,0.0,0,0
209,43764.98,PAYMENT,C619162615,0.0,0.0,M1897659838,0.0,0.0,0,0
209,9815.4,PAYMENT,C310178913,0.0,0.0,M228820179,0.0,0.0,0,0
209,7205.1,PAYMENT,C552245164,9036.23,1831.14,M2047054442,0.0,0.0,0,0
209,825.16,PAYMENT,C1710666683,99058.0,98232.84,M1234527566,0.0,0.0,0,0
209,7562.79,PAYMENT,C119777206,65214.0,57651.21,M1267268786,0.0,0.0,0,0
209,9019.55,PAYMENT,C214686821,0.0,0.0,M1627087881,0.0,0.0,0,0
209,18162.99,PAYMENT,C299381303,56085.0,37922.01,M288944964,0.0,0.0,0,0
209,3143.68,PAYMENT,C1780689354,100124.0,96980.32,M1540729393,0.0,0.0,0,0
209,28823.96,PAYMENT,C786101190,0.0,0.0,M1579889884,0.0,0.0,0,0
209,8398.98,PAYMENT,C2132927765,328083.2,319684.22,M2056861242,0.0,0.0,0,0
209,2950.78,PAYMENT,C1974304056,105491.0,102540.22,M420376299,0.0,0.0,0,0
209,218.41,PAYMENT,C1063303682,772.0,553.59,M803552564,0.0,0.0,0,0
209,4596.37,PAYMENT,C256604295,0.0,0.0,M1001854751,0.0,0.0,0,0
209,34911.24,PAYMENT,C1891621654,0.0,0.0,M1061409172,0.0,0.0,0,0
209,1134.13,PAYMENT,C552202129,30164.0,29029.87,M1719919105,0.0,0.0,0,0
209,3572.47,PAYMENT,C1676527784,61985.0,58412.53,M1469583115,0.0,0.0,0,0
209,366.79,PAYMENT,C108266201,107928.0,107561.21,M2050046774,0.0,0.0,0,0
209,205.58,PAYMENT,C742330326,164798.27,164592.69,M1646349660,0.0,0.0,0,0
209,1047.65,PAYMENT,C1476423974,0.0,0.0,M656985503,0.0,0.0,0,0
209,35473.67,PAYMENT,C1072266315,112006.23,76532.56,M1604909119,0.0,0.0,0,0
209,5362.43,PAYMENT,C1128966537,0.0,0.0,M421296837,0.0,0.0,0,0
209,48361.72,PAYMENT,C1403773794,0.0,0.0,M1489749629,0.0,0.0,0,0
209,2622.2,PAYMENT,C2098860970,6031.0,3408.8,M977834883,0.0,0.0,0,0
209,7503.13,PAYMENT,C784933280,314326.34,306823.2,M1446952812,0.0,0.0,0,0
209,4607.88,PAYMENT,C969438271,0.0,0.0,M491616600,0.0,0.0,0,0
209,6018.68,PAYMENT,C2047998643,1686.0,0.0,M306232496,0.0,0.0,0,0
209,7101.24,PAYMENT,C637007547,2382.0,0.0,M789405139,0.0,0.0,0,0
209,1922.61,PAYMENT,C112739025,34210.0,32287.39,M563069306,0.0,0.0,0,0
209,9401.75,PAYMENT,C850252517,71052.0,61650.25,M874139986,0.0,0.0,0,0
209,4911.56,PAYMENT,C1959401720,0.0,0.0,M106485609,0.0,0.0,0,0
209,3923.66,PAYMENT,C610498297,39238.0,35314.34,M1640839097,0.0,0.0,0,0
209,16000.79,PAYMENT,C1238413949,0.0,0.0,M1239025085,0.0,0.0,0,0
209,1137.72,PAYMENT,C961378311,191482.0,190344.28,M1839782383,0.0,0.0,0,0
209,6227.4,PAYMENT,C19890647,257069.0,250841.6,M510319492,0.0,0.0,0,0
209,17027.27,PAYMENT,C685646780,0.0,0.0,M1182628183,0.0,0.0,0,0
209,8926.94,PAYMENT,C886536911,0.0,0.0,M1186250425,0.0,0.0,0,0
209,9351.26,PAYMENT,C1545382418,361.0,0.0,M1174445643,0.0,0.0,0,0
209,1789.03,PAYMENT,C947065984,30804.0,29014.97,M1410537224,0.0,0.0,0,0
209,1114.18,PAYMENT,C50759075,59573.71,58459.53,M1076633237,0.0,0.0,0,0
209,264.46,PAYMENT,C1549559429,68293.74,68029.28,M483327498,0.0,0.0,0,0
209,72276.78,PAYMENT,C597470149,0.0,0.0,M672621975,0.0,0.0,0,0
209,9424.8,PAYMENT,C2106968539,0.0,0.0,M739286437,0.0,0.0,0,0
209,6384.07,PAYMENT,C1460566120,260731.0,254346.93,M1367245438,0.0,0.0,0,0
209,7006.98,PAYMENT,C1887756773,0.0,0.0,M1574429806,0.0,0.0,0,0
209,6169.41,PAYMENT,C659011166,26041.0,19871.59,M364587838,0.0,0.0,0,0
209,5641.83,PAYMENT,C342139960,3242.0,0.0,M1628948599,0.0,0.0,0,0
209,4536.58,PAYMENT,C1290261412,1664.0,0.0,M448384600,0.0,0.0,0,0
209,3287.81,PAYMENT,C189546989,0.0,0.0,M443423091,0.0,0.0,0,0
209,478.48,PAYMENT,C2029341547,79765.0,79286.52,M686289964,0.0,0.0,0,0
209,6479.71,PAYMENT,C1982199716,12046.0,5566.29,M223418559,0.0,0.0,0,0
209,84425.63,PAYMENT,C1113377540,0.0,0.0,M1149780318,0.0,0.0,0,0
209,6448.6,PAYMENT,C1543718747,119.0,0.0,M830093939,0.0,0.0,0,0
209,2876.0,PAYMENT,C23909099,0.0,0.0,M2087330795,0.0,0.0,0,0
209,1178.13,PAYMENT,C514468359,507815.0,506636.87,M360221612,0.0,0.0,0,0
209,49920.06,PAYMENT,C435567465,0.0,0.0,M1936177690,0.0,0.0,0,0
209,1429.52,PAYMENT,C612134040,1975.0,545.48,M2031489909,0.0,0.0,0,0
209,6001.78,PAYMENT,C614042484,10119.0,4117.22,M530233152,0.0,0.0,0,0
209,26532.62,PAYMENT,C190739211,0.0,0.0,M120805016,0.0,0.0,0,0
209,11323.3,PAYMENT,C1190109412,505064.59,493741.28,M1939149651,0.0,0.0,0,0
209,14540.61,PAYMENT,C1641275120,391390.0,376849.39,M890716543,0.0,0.0,0,0
209,9262.81,PAYMENT,C689254400,0.0,0.0,M1587971372,0.0,0.0,0,0
209,15065.97,PAYMENT,C233824017,442407.97,427342.01,M622427665,0.0,0.0,0,0
209,24334.53,PAYMENT,C686393665,11579.0,0.0,M2012936418,0.0,0.0,0,0
209,6485.85,PAYMENT,C2000992247,134643.0,128157.15,M1534592924,0.0,0.0,0,0
209,315.59,PAYMENT,C1104872315,0.0,0.0,M22086657,0.0,0.0,0,0
209,13313.66,PAYMENT,C1808082164,99675.0,86361.34,M989884912,0.0,0.0,0,0
209,1399.02,PAYMENT,C1063556642,102404.0,101004.98,M738960578,0.0,0.0,0,0
209,19120.6,PAYMENT,C1922347278,506.0,0.0,M425483445,0.0,0.0,0,0
209,2142.97,PAYMENT,C932271826,0.0,0.0,M1112689288,0.0,0.0,0,0
209,11842.34,PAYMENT,C154734841,11038.0,0.0,M1177826373,0.0,0.0,0,0
209,7177.97,PAYMENT,C16349703,0.0,0.0,M1318830331,0.0,0.0,0,0
209,2236.58,PAYMENT,C1807115229,20769.83,18533.26,M1692442790,0.0,0.0,0,0
209,31642.03,PAYMENT,C1147418891,0.0,0.0,M840240998,0.0,0.0,0,0
209,23868.74,PAYMENT,C1984132113,5025.0,0.0,M242533997,0.0,0.0,0,0
209,51930.94,PAYMENT,C138187110,0.0,0.0,M177871438,0.0,0.0,0,0
209,49950.78,PAYMENT,C1189090266,21853.53,0.0,M1854556229,0.0,0.0,0,0
209,7015.13,PAYMENT,C1755923274,223643.0,216627.87,M2090164744,0.0,0.0,0,0
209,301.36,PAYMENT,C103336776,24627.0,24325.64,M1710548972,0.0,0.0,0,0
209,1332.82,PAYMENT,C1441280879,15032.39,13699.57,M693482930,0.0,0.0,0,0
209,7124.89,PAYMENT,C1813450837,10000.0,2875.11,M69826951,0.0,0.0,0,0
209,3825.35,PAYMENT,C427712424,22004.0,18178.65,M976786570,0.0,0.0,0,0
209,3225.07,PAYMENT,C1049555083,64312.0,61086.93,M1788828397,0.0,0.0,0,0
209,40466.41,PAYMENT,C1530521726,0.0,0.0,M15692425,0.0,0.0,0,0
209,3408.06,PAYMENT,C535155248,75048.0,71639.94,M1204686137,0.0,0.0,0,0
209,2280.47,PAYMENT,C881236264,74.0,0.0,M251318307,0.0,0.0,0,0
209,13319.89,PAYMENT,C466661290,38757.33,25437.44,M814205775,0.0,0.0,0,0
209,28725.04,PAYMENT,C548068810,0.0,0.0,M1723645197,0.0,0.0,0,0
209,1619.15,PAYMENT,C1360791017,1211.24,0.0,M118547945,0.0,0.0,0,0
209,2878.77,PAYMENT,C289933149,75852.29,72973.52,M299084703,0.0,0.0,0,0
209,2238.7,PAYMENT,C89175072,10382.0,8143.3,M1476292881,0.0,0.0,0,0
209,727.67,PAYMENT,C220299956,140283.46,139555.8,M550520207,0.0,0.0,0,0
209,21320.19,PAYMENT,C974212355,157963.24,136643.05,M1224179167,0.0,0.0,0,0
209,13743.1,PAYMENT,C753044676,1302.0,0.0,M1153236002,0.0,0.0,0,0
209,4109.61,PAYMENT,C1590818270,0.0,0.0,M104151674,0.0,0.0,0,0
209,7936.93,PAYMENT,C655628639,130729.7,122792.77,M1632635473,0.0,0.0,0,0
209,7009.67,PAYMENT,C490043875,5088.0,0.0,M1226792518,0.0,0.0,0,0
209,1700.35,PAYMENT,C1593723925,15460.0,13759.65,M1135908382,0.0,0.0,0,0